checkpoint,checkpoint_step,train_seed,target,target_index,control,k,attempt,basis_id,is_conjugate,eval_seed,cost,solved,num_moves,sum_rewards,seconds,action_sequence,canonical_action_sequence,canonical_factor_sequence
results_harden_dsw_d1_2027/checkpoints/barenco_tof_3/arm-scalar_huber_d1/seed2027/checkpoint_target-barenco_tof_3_seed2027_step1000.pkl,1000,2027,barenco_tof_3,0,orbit,1,0,identity,True,0,14.0,True,14,-14.0,9.391181945800781,91 162 160 161 75 22 87 71 21 159 4 16 19 0,91 162 160 161 75 22 87 71 21 159 4 16 19 0,00111010;11000101;10000101;01000101;00110010;11101000;00011010;00010010;01101000;00000101;10100000;10001000;00101000;10000000
results_harden_dsw_d1_2027/checkpoints/barenco_tof_3/arm-scalar_huber_d1/seed2027/checkpoint_target-barenco_tof_3_seed2027_step1000.pkl,1000,2027,barenco_tof_3,0,orbit,1,0,identity,True,1,14.0,True,14,-14.0,0.4625821113586426,91 162 160 161 75 22 87 159 21 71 4 19 16 0,91 162 160 161 75 22 87 159 21 71 4 19 16 0,00111010;11000101;10000101;01000101;00110010;11101000;00011010;00000101;01101000;00010010;10100000;00101000;10001000;10000000
results_harden_dsw_d1_2027/checkpoints/barenco_tof_3/arm-scalar_huber_d1/seed2027/checkpoint_target-barenco_tof_3_seed2027_step1000.pkl,1000,2027,barenco_tof_3,0,orbit,1,0,identity,True,2,14.0,True,14,-14.0,0.4606761932373047,91 162 160 161 75 22 87 71 21 159 4 16 19 0,91 162 160 161 75 22 87 71 21 159 4 16 19 0,00111010;11000101;10000101;01000101;00110010;11101000;00011010;00010010;01101000;00000101;10100000;10001000;00101000;10000000
results_harden_dsw_d1_2027/checkpoints/barenco_tof_3/arm-scalar_huber_d1/seed2027/checkpoint_target-barenco_tof_3_seed2027_step1000.pkl,1000,2027,barenco_tof_3,0,orbit,1,0,identity,True,3,14.0,True,14,-14.0,0.43416881561279297,91 162 160 161 75 22 87 71 21 159 4 16 19 0,91 162 160 161 75 22 87 71 21 159 4 16 19 0,00111010;11000101;10000101;01000101;00110010;11101000;00011010;00010010;01101000;00000101;10100000;10001000;00101000;10000000
results_harden_dsw_d1_2027/checkpoints/barenco_tof_3/arm-scalar_huber_d1/seed2027/checkpoint_target-barenco_tof_3_seed2027_step1000.pkl,1000,2027,barenco_tof_3,0,orbit,1,0,identity,True,4,14.0,True,14,-14.0,0.42574334144592285,91 162 160 161 75 22 87 71 21 159 4 16 19 0,91 162 160 161 75 22 87 71 21 159 4 16 19 0,00111010;11000101;10000101;01000101;00110010;11101000;00011010;00010010;01101000;00000101;10100000;10001000;00101000;10000000
