checkpoint,checkpoint_step,train_seed,target,target_index,control,k,attempt,basis_id,is_conjugate,eval_seed,cost,solved,num_moves,sum_rewards,seconds,action_sequence,canonical_action_sequence,canonical_factor_sequence
results_catwide_barenco3/checkpoints/barenco_tof_3/arm-categorical_wide/seed2028/checkpoint_target-barenco_toff_3_seed2028_step1000.pkl,1000,2028,barenco_toff_3,0,orbit,1,0,identity,True,0,14.0,True,14,-14.0,2.6463944911956787,22 21 91 87 75 16 71 19 4 162 161 160 0 159,22 21 91 87 75 16 71 19 4 162 161 160 0 159,11101000;01101000;00111010;00011010;00110010;10001000;00010010;00101000;10100000;11000101;01000101;10000101;10000000;00000101
results_catwide_barenco3/checkpoints/barenco_tof_3/arm-categorical_wide/seed2028/checkpoint_target-barenco_toff_3_seed2028_step1000.pkl,1000,2028,barenco_toff_3,0,orbit,1,0,identity,True,1,14.0,True,14,-14.0,0.4356844425201416,22 21 91 87 75 71 16 19 4 162 161 160 0 159,22 21 91 87 75 71 16 19 4 162 161 160 0 159,11101000;01101000;00111010;00011010;00110010;00010010;10001000;00101000;10100000;11000101;01000101;10000101;10000000;00000101
results_catwide_barenco3/checkpoints/barenco_tof_3/arm-categorical_wide/seed2028/checkpoint_target-barenco_toff_3_seed2028_step1000.pkl,1000,2028,barenco_toff_3,0,orbit,1,0,identity,True,2,14.0,True,14,-14.0,0.42652225494384766,22 21 91 87 75 16 71 19 4 162 161 160 0 159,22 21 91 87 75 16 71 19 4 162 161 160 0 159,11101000;01101000;00111010;00011010;00110010;10001000;00010010;00101000;10100000;11000101;01000101;10000101;10000000;00000101
results_catwide_barenco3/checkpoints/barenco_tof_3/arm-categorical_wide/seed2028/checkpoint_target-barenco_toff_3_seed2028_step1000.pkl,1000,2028,barenco_toff_3,0,orbit,1,0,identity,True,3,14.0,True,14,-14.0,0.4219815731048584,22 21 16 91 87 75 71 19 4 162 161 160 0 159,22 21 16 91 87 75 71 19 4 162 161 160 0 159,11101000;01101000;10001000;00111010;00011010;00110010;00010010;00101000;10100000;11000101;01000101;10000101;10000000;00000101
results_catwide_barenco3/checkpoints/barenco_tof_3/arm-categorical_wide/seed2028/checkpoint_target-barenco_toff_3_seed2028_step1000.pkl,1000,2028,barenco_toff_3,0,orbit,1,0,identity,True,4,14.0,True,14,-14.0,0.4377930164337158,22 21 91 87 75 71 16 19 4 162 161 160 159 0,22 21 91 87 75 71 16 19 4 162 161 160 159 0,11101000;01101000;00111010;00011010;00110010;00010010;10001000;00101000;10100000;11000101;01000101;10000101;00000101;10000000
