checkpoint,checkpoint_step,train_seed,target,target_index,control,k,attempt,basis_id,is_conjugate,eval_seed,cost,solved,num_moves,sum_rewards,seconds,action_sequence,canonical_action_sequence,canonical_factor_sequence
results_catwide_barenco3/checkpoints/barenco_tof_3/arm-categorical_wide/seed2024/checkpoint_target-barenco_toff_3_seed2024_step1000.pkl,1000,2024,barenco_toff_3,0,orbit,1,0,identity,True,0,13.0,True,13,-13.0,7.935306787490845,92 88 76 72 22 21 20 162 160 161 3 15 159,92 88 76 72 22 21 20 162 160 161 3 15 159,10111010;10011010;10110010;10010010;11101000;01101000;10101000;11000101;10000101;01000101;00100000;00001000;00000101
results_catwide_barenco3/checkpoints/barenco_tof_3/arm-categorical_wide/seed2024/checkpoint_target-barenco_toff_3_seed2024_step1000.pkl,1000,2024,barenco_toff_3,0,orbit,1,0,identity,True,1,13.0,True,13,-13.0,2.2492663860321045,92 88 76 72 22 21 20 162 160 161 3 15 159,92 88 76 72 22 21 20 162 160 161 3 15 159,10111010;10011010;10110010;10010010;11101000;01101000;10101000;11000101;10000101;01000101;00100000;00001000;00000101
results_catwide_barenco3/checkpoints/barenco_tof_3/arm-categorical_wide/seed2024/checkpoint_target-barenco_toff_3_seed2024_step1000.pkl,1000,2024,barenco_toff_3,0,orbit,1,0,identity,True,2,13.0,True,13,-13.0,2.2474238872528076,92 88 76 72 22 21 20 162 160 161 15 3 159,92 88 76 72 22 21 20 162 160 161 15 3 159,10111010;10011010;10110010;10010010;11101000;01101000;10101000;11000101;10000101;01000101;00001000;00100000;00000101
results_catwide_barenco3/checkpoints/barenco_tof_3/arm-categorical_wide/seed2024/checkpoint_target-barenco_toff_3_seed2024_step1000.pkl,1000,2024,barenco_toff_3,0,orbit,1,0,identity,True,3,13.0,True,13,-13.0,2.275136947631836,92 88 76 72 22 21 20 162 160 161 3 15 159,92 88 76 72 22 21 20 162 160 161 3 15 159,10111010;10011010;10110010;10010010;11101000;01101000;10101000;11000101;10000101;01000101;00100000;00001000;00000101
results_catwide_barenco3/checkpoints/barenco_tof_3/arm-categorical_wide/seed2024/checkpoint_target-barenco_toff_3_seed2024_step1000.pkl,1000,2024,barenco_toff_3,0,orbit,1,0,identity,True,4,13.0,True,13,-13.0,2.269451379776001,92 88 76 72 22 21 20 162 160 161 3 15 159,92 88 76 72 22 21 20 162 160 161 3 15 159,10111010;10011010;10110010;10010010;11101000;01101000;10101000;11000101;10000101;01000101;00100000;00001000;00000101
