checkpoint,checkpoint_step,train_seed,target,target_index,control,k,attempt,basis_id,is_conjugate,eval_seed,cost,solved,num_moves,sum_rewards,seconds,action_sequence,canonical_action_sequence,canonical_factor_sequence
results_catwide_barenco3/checkpoints/barenco_tof_3/arm-categorical_wide/seed2025/checkpoint_target-barenco_toff_3_seed2025_step1000.pkl,1000,2025,barenco_toff_3,0,orbit,1,0,identity,True,0,14.0,True,14,-14.0,2.5368340015411377,162 160 161 159 22 91 21 75 71 4 87 19 0 16,162 160 161 159 22 91 21 75 71 4 87 19 0 16,11000101;10000101;01000101;00000101;11101000;00111010;01101000;00110010;00010010;10100000;00011010;00101000;10000000;10001000
results_catwide_barenco3/checkpoints/barenco_tof_3/arm-categorical_wide/seed2025/checkpoint_target-barenco_toff_3_seed2025_step1000.pkl,1000,2025,barenco_toff_3,0,orbit,1,0,identity,True,1,14.0,True,14,-14.0,0.4440746307373047,162 160 161 159 22 91 21 75 71 4 19 87 0 16,162 160 161 159 22 91 21 75 71 4 19 87 0 16,11000101;10000101;01000101;00000101;11101000;00111010;01101000;00110010;00010010;10100000;00101000;00011010;10000000;10001000
results_catwide_barenco3/checkpoints/barenco_tof_3/arm-categorical_wide/seed2025/checkpoint_target-barenco_toff_3_seed2025_step1000.pkl,1000,2025,barenco_toff_3,0,orbit,1,0,identity,True,2,14.0,True,14,-14.0,0.4482862949371338,162 160 161 159 22 91 21 75 71 4 19 87 0 16,162 160 161 159 22 91 21 75 71 4 19 87 0 16,11000101;10000101;01000101;00000101;11101000;00111010;01101000;00110010;00010010;10100000;00101000;00011010;10000000;10001000
results_catwide_barenco3/checkpoints/barenco_tof_3/arm-categorical_wide/seed2025/checkpoint_target-barenco_toff_3_seed2025_step1000.pkl,1000,2025,barenco_toff_3,0,orbit,1,0,identity,True,3,14.0,True,14,-14.0,0.4505198001861572,162 160 161 159 22 91 21 75 71 4 87 19 16 0,162 160 161 159 22 91 21 75 71 4 87 19 16 0,11000101;10000101;01000101;00000101;11101000;00111010;01101000;00110010;00010010;10100000;00011010;00101000;10001000;10000000
results_catwide_barenco3/checkpoints/barenco_tof_3/arm-categorical_wide/seed2025/checkpoint_target-barenco_toff_3_seed2025_step1000.pkl,1000,2025,barenco_toff_3,0,orbit,1,0,identity,True,4,14.0,True,14,-14.0,0.45372939109802246,162 160 161 159 22 91 21 75 71 4 19 87 16 0,162 160 161 159 22 91 21 75 71 4 19 87 16 0,11000101;10000101;01000101;00000101;11101000;00111010;01101000;00110010;00010010;10100000;00101000;00011010;10001000;10000000
