checkpoint,checkpoint_step,train_seed,target,target_index,control,k,attempt,basis_id,is_conjugate,eval_seed,cost,solved,num_moves,sum_rewards,seconds,action_sequence,canonical_action_sequence,canonical_factor_sequence
results_catwide_barenco3/checkpoints/barenco_tof_3/arm-categorical_wide/seed2027/checkpoint_target-barenco_toff_3_seed2027_step1000.pkl,1000,2027,barenco_toff_3,0,orbit,1,0,identity,True,0,14.0,True,14,-14.0,2.518136739730835,91 75 87 71 178 6 177 5 176 20 175 3 16 0,91 75 87 71 178 6 177 5 176 20 175 3 16 0,00111010;00110010;00011010;00010010;11001101;11100000;01001101;01100000;10001101;10101000;00001101;00100000;10001000;10000000
results_catwide_barenco3/checkpoints/barenco_tof_3/arm-categorical_wide/seed2027/checkpoint_target-barenco_toff_3_seed2027_step1000.pkl,1000,2027,barenco_toff_3,0,orbit,1,0,identity,True,1,14.0,True,14,-14.0,0.42275404930114746,91 75 87 71 178 6 5 177 176 20 175 3 16 0,91 75 87 71 178 6 5 177 176 20 175 3 16 0,00111010;00110010;00011010;00010010;11001101;11100000;01100000;01001101;10001101;10101000;00001101;00100000;10001000;10000000
results_catwide_barenco3/checkpoints/barenco_tof_3/arm-categorical_wide/seed2027/checkpoint_target-barenco_toff_3_seed2027_step1000.pkl,1000,2027,barenco_toff_3,0,orbit,1,0,identity,True,2,14.0,True,14,-14.0,0.4352915287017822,91 75 87 71 178 6 177 5 176 20 175 3 16 0,91 75 87 71 178 6 177 5 176 20 175 3 16 0,00111010;00110010;00011010;00010010;11001101;11100000;01001101;01100000;10001101;10101000;00001101;00100000;10001000;10000000
results_catwide_barenco3/checkpoints/barenco_tof_3/arm-categorical_wide/seed2027/checkpoint_target-barenco_toff_3_seed2027_step1000.pkl,1000,2027,barenco_toff_3,0,orbit,1,0,identity,True,3,14.0,True,14,-14.0,0.4232335090637207,91 75 87 71 178 6 177 5 176 20 175 3 16 0,91 75 87 71 178 6 177 5 176 20 175 3 16 0,00111010;00110010;00011010;00010010;11001101;11100000;01001101;01100000;10001101;10101000;00001101;00100000;10001000;10000000
results_catwide_barenco3/checkpoints/barenco_tof_3/arm-categorical_wide/seed2027/checkpoint_target-barenco_toff_3_seed2027_step1000.pkl,1000,2027,barenco_toff_3,0,orbit,1,0,identity,True,4,14.0,True,14,-14.0,0.44399428367614746,91 75 87 71 178 6 177 5 176 20 175 3 16 0,91 75 87 71 178 6 177 5 176 20 175 3 16 0,00111010;00110010;00011010;00010010;11001101;11100000;01001101;01100000;10001101;10101000;00001101;00100000;10001000;10000000
