checkpoint,checkpoint_step,train_seed,target,target_index,control,k,attempt,basis_id,is_conjugate,eval_seed,cost,solved,num_moves,sum_rewards,seconds,action_sequence,canonical_action_sequence,canonical_factor_sequence
results_catwide_barenco3/checkpoints/barenco_tof_3/arm-categorical_wide/seed2026/checkpoint_target-barenco_toff_3_seed2026_step1000.pkl,1000,2026,barenco_toff_3,0,orbit,1,0,identity,True,0,14.0,True,14,-14.0,2.535529613494873,22 21 91 75 87 16 71 162 160 161 4 159 0 19,22 21 91 75 87 16 71 162 160 161 4 159 0 19,11101000;01101000;00111010;00110010;00011010;10001000;00010010;11000101;10000101;01000101;10100000;00000101;10000000;00101000
results_catwide_barenco3/checkpoints/barenco_tof_3/arm-categorical_wide/seed2026/checkpoint_target-barenco_toff_3_seed2026_step1000.pkl,1000,2026,barenco_toff_3,0,orbit,1,0,identity,True,1,14.0,True,14,-14.0,0.42447829246520996,22 21 91 75 87 16 71 162 160 161 4 159 0 19,22 21 91 75 87 16 71 162 160 161 4 159 0 19,11101000;01101000;00111010;00110010;00011010;10001000;00010010;11000101;10000101;01000101;10100000;00000101;10000000;00101000
results_catwide_barenco3/checkpoints/barenco_tof_3/arm-categorical_wide/seed2026/checkpoint_target-barenco_toff_3_seed2026_step1000.pkl,1000,2026,barenco_toff_3,0,orbit,1,0,identity,True,2,14.0,True,14,-14.0,0.4258115291595459,22 21 91 75 87 16 71 162 160 161 4 159 0 19,22 21 91 75 87 16 71 162 160 161 4 159 0 19,11101000;01101000;00111010;00110010;00011010;10001000;00010010;11000101;10000101;01000101;10100000;00000101;10000000;00101000
results_catwide_barenco3/checkpoints/barenco_tof_3/arm-categorical_wide/seed2026/checkpoint_target-barenco_toff_3_seed2026_step1000.pkl,1000,2026,barenco_toff_3,0,orbit,1,0,identity,True,3,14.0,True,14,-14.0,0.42551136016845703,22 21 91 75 87 16 71 162 160 161 4 159 19 0,22 21 91 75 87 16 71 162 160 161 4 159 19 0,11101000;01101000;00111010;00110010;00011010;10001000;00010010;11000101;10000101;01000101;10100000;00000101;00101000;10000000
results_catwide_barenco3/checkpoints/barenco_tof_3/arm-categorical_wide/seed2026/checkpoint_target-barenco_toff_3_seed2026_step1000.pkl,1000,2026,barenco_toff_3,0,orbit,1,0,identity,True,4,14.0,True,14,-14.0,0.4381120204925537,22 21 91 75 87 16 71 162 160 161 4 159 0 19,22 21 91 75 87 16 71 162 160 161 4 159 0 19,11101000;01101000;00111010;00110010;00011010;10001000;00010010;11000101;10000101;01000101;10100000;00000101;10000000;00101000
