checkpoint,checkpoint_step,train_seed,target,target_index,control,k,attempt,basis_id,is_conjugate,eval_seed,cost,solved,num_moves,sum_rewards,seconds,action_sequence,canonical_action_sequence,canonical_factor_sequence
results_gen_cuccaro/checkpoints/cuccaro_adder_n3/arm-quantile_risk_neutral/seed2026/checkpoint_target-cuccaro_adder_n3_seed2026_step1000.pkl,1000,2026,cuccaro_adder_n3,0,orbit,1,0,identity,True,0,14.0,True,14,-14.0,2.5685958862304688,115 141 139 83 99 49 137 33 69 135 17 65 63 1,115 141 139 83 99 49 137 33 69 135 17 65 63 1,00101110;01110001;00110001;00101010;00100110;01001100;01010001;01000100;01100010;00010001;01001000;01000010;00000010;01000000
results_gen_cuccaro/checkpoints/cuccaro_adder_n3/arm-quantile_risk_neutral/seed2026/checkpoint_target-cuccaro_adder_n3_seed2026_step1000.pkl,1000,2026,cuccaro_adder_n3,0,orbit,1,0,identity,True,1,14.0,True,14,-14.0,0.4481654167175293,115 141 139 83 99 137 49 33 69 135 65 17 63 1,115 141 139 83 99 137 49 33 69 135 65 17 63 1,00101110;01110001;00110001;00101010;00100110;01010001;01001100;01000100;01100010;00010001;01000010;01001000;00000010;01000000
results_gen_cuccaro/checkpoints/cuccaro_adder_n3/arm-quantile_risk_neutral/seed2026/checkpoint_target-cuccaro_adder_n3_seed2026_step1000.pkl,1000,2026,cuccaro_adder_n3,0,orbit,1,0,identity,True,2,14.0,True,14,-14.0,0.44628190994262695,115 141 139 83 99 137 49 33 69 135 65 17 63 1,115 141 139 83 99 137 49 33 69 135 65 17 63 1,00101110;01110001;00110001;00101010;00100110;01010001;01001100;01000100;01100010;00010001;01000010;01001000;00000010;01000000
results_gen_cuccaro/checkpoints/cuccaro_adder_n3/arm-quantile_risk_neutral/seed2026/checkpoint_target-cuccaro_adder_n3_seed2026_step1000.pkl,1000,2026,cuccaro_adder_n3,0,orbit,1,0,identity,True,3,14.0,True,14,-14.0,0.44474005699157715,115 141 139 83 99 137 49 33 69 135 65 17 63 1,115 141 139 83 99 137 49 33 69 135 65 17 63 1,00101110;01110001;00110001;00101010;00100110;01010001;01001100;01000100;01100010;00010001;01000010;01001000;00000010;01000000
results_gen_cuccaro/checkpoints/cuccaro_adder_n3/arm-quantile_risk_neutral/seed2026/checkpoint_target-cuccaro_adder_n3_seed2026_step1000.pkl,1000,2026,cuccaro_adder_n3,0,orbit,1,0,identity,True,4,14.0,True,14,-14.0,0.4427027702331543,115 141 139 83 99 137 49 33 69 135 65 17 63 1,115 141 139 83 99 137 49 33 69 135 65 17 63 1,00101110;01110001;00110001;00101010;00100110;01010001;01001100;01000100;01100010;00010001;01000010;01001000;00000010;01000000
