checkpoint,checkpoint_step,train_seed,target,target_index,control,k,attempt,basis_id,is_conjugate,eval_seed,cost,solved,num_moves,sum_rewards,seconds,action_sequence,canonical_action_sequence,canonical_factor_sequence
results_gen_cuccaro/checkpoints/cuccaro_adder_n3/arm-quantile_risk_neutral/seed2024/checkpoint_target-cuccaro_adder_n3_seed2024_step1000.pkl,1000,2024,cuccaro_adder_n3,0,orbit,1,0,identity,True,0,14.0,True,14,-14.0,7.2018702030181885,113 97 81 51 35 19 69 141 139 137 135 67 63 3,113 97 81 51 35 19 69 141 139 137 135 67 63 3,01001110;01000110;01001010;00101100;00100100;00101000;01100010;01110001;00110001;01010001;00010001;00100010;00000010;00100000
results_gen_cuccaro/checkpoints/cuccaro_adder_n3/arm-quantile_risk_neutral/seed2024/checkpoint_target-cuccaro_adder_n3_seed2024_step1000.pkl,1000,2024,cuccaro_adder_n3,0,orbit,1,0,identity,True,1,14.0,True,14,-14.0,1.430284023284912,113 97 81 51 35 19 69 141 139 137 135 67 63 3,113 97 81 51 35 19 69 141 139 137 135 67 63 3,01001110;01000110;01001010;00101100;00100100;00101000;01100010;01110001;00110001;01010001;00010001;00100010;00000010;00100000
results_gen_cuccaro/checkpoints/cuccaro_adder_n3/arm-quantile_risk_neutral/seed2024/checkpoint_target-cuccaro_adder_n3_seed2024_step1000.pkl,1000,2024,cuccaro_adder_n3,0,orbit,1,0,identity,True,2,14.0,True,14,-14.0,1.4347460269927979,113 97 81 51 35 19 69 141 139 137 67 135 63 3,113 97 81 51 35 19 69 141 139 137 67 135 63 3,01001110;01000110;01001010;00101100;00100100;00101000;01100010;01110001;00110001;01010001;00100010;00010001;00000010;00100000
results_gen_cuccaro/checkpoints/cuccaro_adder_n3/arm-quantile_risk_neutral/seed2024/checkpoint_target-cuccaro_adder_n3_seed2024_step1000.pkl,1000,2024,cuccaro_adder_n3,0,orbit,1,0,identity,True,3,14.0,True,14,-14.0,1.5381104946136475,113 97 81 51 35 19 69 141 139 137 135 67 63 3,113 97 81 51 35 19 69 141 139 137 135 67 63 3,01001110;01000110;01001010;00101100;00100100;00101000;01100010;01110001;00110001;01010001;00010001;00100010;00000010;00100000
results_gen_cuccaro/checkpoints/cuccaro_adder_n3/arm-quantile_risk_neutral/seed2024/checkpoint_target-cuccaro_adder_n3_seed2024_step1000.pkl,1000,2024,cuccaro_adder_n3,0,orbit,1,0,identity,True,4,14.0,True,14,-14.0,1.4213554859161377,113 97 81 51 35 19 69 141 139 67 137 135 63 3,113 97 81 51 35 19 69 141 139 67 137 135 63 3,01001110;01000110;01001010;00101100;00100100;00101000;01100010;01110001;00110001;00100010;01010001;00010001;00000010;00100000
