checkpoint,checkpoint_step,train_seed,target,target_index,control,k,attempt,basis_id,is_conjugate,eval_seed,cost,solved,num_moves,sum_rewards,seconds,action_sequence,canonical_action_sequence,canonical_factor_sequence
results_gen_cuccaro/checkpoints/cuccaro_adder_n3/arm-quantile_q075/seed2025/checkpoint_target-cuccaro_adder_n3_seed2025_step1000.pkl,1000,2025,cuccaro_adder_n3,0,orbit,1,0,identity,True,0,13.0,True,13,-13.0,4.018375873565674,141 85 139 117 137 47 101 135 65 67 63 31 15,141 85 139 117 137 47 101 135 65 67 63 31 15,01110001;01101010;00110001;01101110;01010001;00001100;01100110;00010001;01000010;00100010;00000010;00000100;00001000
results_gen_cuccaro/checkpoints/cuccaro_adder_n3/arm-quantile_q075/seed2025/checkpoint_target-cuccaro_adder_n3_seed2025_step1000.pkl,1000,2025,cuccaro_adder_n3,0,orbit,1,0,identity,True,1,13.0,True,13,-13.0,1.8425865173339844,141 85 139 117 137 47 101 135 65 67 63 31 15,141 85 139 117 137 47 101 135 65 67 63 31 15,01110001;01101010;00110001;01101110;01010001;00001100;01100110;00010001;01000010;00100010;00000010;00000100;00001000
results_gen_cuccaro/checkpoints/cuccaro_adder_n3/arm-quantile_q075/seed2025/checkpoint_target-cuccaro_adder_n3_seed2025_step1000.pkl,1000,2025,cuccaro_adder_n3,0,orbit,1,0,identity,True,2,13.0,True,13,-13.0,1.9824297428131104,141 139 85 117 137 101 67 65 135 63 47 15 31,141 139 85 117 137 101 67 65 135 63 47 15 31,01110001;00110001;01101010;01101110;01010001;01100110;00100010;01000010;00010001;00000010;00001100;00001000;00000100
results_gen_cuccaro/checkpoints/cuccaro_adder_n3/arm-quantile_q075/seed2025/checkpoint_target-cuccaro_adder_n3_seed2025_step1000.pkl,1000,2025,cuccaro_adder_n3,0,orbit,1,0,identity,True,3,13.0,True,13,-13.0,1.9584906101226807,141 85 139 117 137 47 101 135 15 65 67 63 31,141 85 139 117 137 47 101 135 15 65 67 63 31,01110001;01101010;00110001;01101110;01010001;00001100;01100110;00010001;00001000;01000010;00100010;00000010;00000100
results_gen_cuccaro/checkpoints/cuccaro_adder_n3/arm-quantile_q075/seed2025/checkpoint_target-cuccaro_adder_n3_seed2025_step1000.pkl,1000,2025,cuccaro_adder_n3,0,orbit,1,0,identity,True,4,13.0,True,13,-13.0,1.8386449813842773,141 85 139 117 137 47 101 15 135 65 67 63 31,141 85 139 117 137 47 101 15 135 65 67 63 31,01110001;01101010;00110001;01101110;01010001;00001100;01100110;00001000;00010001;01000010;00100010;00000010;00000100
