checkpoint,checkpoint_step,train_seed,target,target_index,control,k,attempt,basis_id,is_conjugate,eval_seed,cost,solved,num_moves,sum_rewards,seconds,action_sequence,canonical_action_sequence,canonical_factor_sequence
results_gen_cuccaro/checkpoints/cuccaro_adder_n3/arm-scalar_huber_d1/seed2024/checkpoint_target-cuccaro_adder_n3_seed2024_step1000.pkl,1000,2024,cuccaro_adder_n3,0,orbit,1,0,identity,True,0,14.0,True,14,-14.0,7.1483154296875,115 83 99 49 17 33 141 139 137 69 135 65 63 1,115 83 99 49 17 33 141 139 137 69 135 65 63 1,00101110;00101010;00100110;01001100;01001000;01000100;01110001;00110001;01010001;01100010;00010001;01000010;00000010;01000000
results_gen_cuccaro/checkpoints/cuccaro_adder_n3/arm-scalar_huber_d1/seed2024/checkpoint_target-cuccaro_adder_n3_seed2024_step1000.pkl,1000,2024,cuccaro_adder_n3,0,orbit,1,0,identity,True,1,14.0,True,14,-14.0,1.46553373336792,115 83 99 49 17 33 141 139 137 69 135 65 63 1,115 83 99 49 17 33 141 139 137 69 135 65 63 1,00101110;00101010;00100110;01001100;01001000;01000100;01110001;00110001;01010001;01100010;00010001;01000010;00000010;01000000
results_gen_cuccaro/checkpoints/cuccaro_adder_n3/arm-scalar_huber_d1/seed2024/checkpoint_target-cuccaro_adder_n3_seed2024_step1000.pkl,1000,2024,cuccaro_adder_n3,0,orbit,1,0,identity,True,2,14.0,True,14,-14.0,1.4203484058380127,115 83 99 49 17 33 141 139 137 69 135 65 63 1,115 83 99 49 17 33 141 139 137 69 135 65 63 1,00101110;00101010;00100110;01001100;01001000;01000100;01110001;00110001;01010001;01100010;00010001;01000010;00000010;01000000
results_gen_cuccaro/checkpoints/cuccaro_adder_n3/arm-scalar_huber_d1/seed2024/checkpoint_target-cuccaro_adder_n3_seed2024_step1000.pkl,1000,2024,cuccaro_adder_n3,0,orbit,1,0,identity,True,3,14.0,True,14,-14.0,1.526609182357788,115 83 99 49 17 33 141 139 137 69 135 65 63 1,115 83 99 49 17 33 141 139 137 69 135 65 63 1,00101110;00101010;00100110;01001100;01001000;01000100;01110001;00110001;01010001;01100010;00010001;01000010;00000010;01000000
results_gen_cuccaro/checkpoints/cuccaro_adder_n3/arm-scalar_huber_d1/seed2024/checkpoint_target-cuccaro_adder_n3_seed2024_step1000.pkl,1000,2024,cuccaro_adder_n3,0,orbit,1,0,identity,True,4,14.0,True,14,-14.0,1.4296650886535645,115 83 99 49 17 141 139 137 69 135 33 65 63 1,115 83 99 49 17 141 139 137 69 135 33 65 63 1,00101110;00101010;00100110;01001100;01001000;01110001;00110001;01010001;01100010;00010001;01000100;01000010;00000010;01000000
