checkpoint,checkpoint_step,train_seed,target,target_index,control,k,attempt,basis_id,is_conjugate,eval_seed,cost,solved,num_moves,sum_rewards,seconds,action_sequence,canonical_action_sequence,canonical_factor_sequence
results_gen_cuccaro/checkpoints/cuccaro_adder_n3/arm-quantile_q075/seed2026/checkpoint_target-cuccaro_adder_n3_seed2026_step1000.pkl,1000,2026,cuccaro_adder_n3,0,orbit,1,0,identity,True,0,13.0,True,13,-13.0,3.411694049835205,101 141 117 139 85 137 65 67 135 15 31 47 63,101 141 117 139 85 137 65 67 135 15 31 47 63,01100110;01110001;01101110;00110001;01101010;01010001;01000010;00100010;00010001;00001000;00000100;00001100;00000010
results_gen_cuccaro/checkpoints/cuccaro_adder_n3/arm-quantile_q075/seed2026/checkpoint_target-cuccaro_adder_n3_seed2026_step1000.pkl,1000,2026,cuccaro_adder_n3,0,orbit,1,0,identity,True,1,13.0,True,13,-13.0,1.3391075134277344,101 141 117 139 85 137 65 67 135 15 47 63 31,101 141 117 139 85 137 65 67 135 15 47 63 31,01100110;01110001;01101110;00110001;01101010;01010001;01000010;00100010;00010001;00001000;00001100;00000010;00000100
results_gen_cuccaro/checkpoints/cuccaro_adder_n3/arm-quantile_q075/seed2026/checkpoint_target-cuccaro_adder_n3_seed2026_step1000.pkl,1000,2026,cuccaro_adder_n3,0,orbit,1,0,identity,True,2,13.0,True,13,-13.0,1.3033747673034668,101 141 117 139 85 137 67 65 135 47 15 63 31,101 141 117 139 85 137 67 65 135 47 15 63 31,01100110;01110001;01101110;00110001;01101010;01010001;00100010;01000010;00010001;00001100;00001000;00000010;00000100
results_gen_cuccaro/checkpoints/cuccaro_adder_n3/arm-quantile_q075/seed2026/checkpoint_target-cuccaro_adder_n3_seed2026_step1000.pkl,1000,2026,cuccaro_adder_n3,0,orbit,1,0,identity,True,3,13.0,True,13,-13.0,1.293013095855713,101 141 117 139 85 137 65 67 135 47 15 63 31,101 141 117 139 85 137 65 67 135 47 15 63 31,01100110;01110001;01101110;00110001;01101010;01010001;01000010;00100010;00010001;00001100;00001000;00000010;00000100
results_gen_cuccaro/checkpoints/cuccaro_adder_n3/arm-quantile_q075/seed2026/checkpoint_target-cuccaro_adder_n3_seed2026_step1000.pkl,1000,2026,cuccaro_adder_n3,0,orbit,1,0,identity,True,4,13.0,True,13,-13.0,1.386568546295166,101 141 117 139 85 137 65 67 135 47 63 15 31,101 141 117 139 85 137 65 67 135 47 63 15 31,01100110;01110001;01101110;00110001;01101010;01010001;01000010;00100010;00010001;00001100;00000010;00001000;00000100
