checkpoint,checkpoint_step,train_seed,target,target_index,control,k,attempt,basis_id,is_conjugate,eval_seed,cost,solved,num_moves,sum_rewards,seconds,action_sequence,canonical_action_sequence,canonical_factor_sequence
results_gen_cuccaro/checkpoints/cuccaro_adder_n3/arm-quantile_risk_neutral/seed2025/checkpoint_target-cuccaro_adder_n3_seed2025_step1000.pkl,1000,2025,cuccaro_adder_n3,0,orbit,1,0,identity,True,0,13.0,True,13,-13.0,2.9519269466400146,117 85 101 141 139 137 135 65 47 15 31 67 63,117 85 101 141 139 137 135 65 47 15 31 67 63,01101110;01101010;01100110;01110001;00110001;01010001;00010001;01000010;00001100;00001000;00000100;00100010;00000010
results_gen_cuccaro/checkpoints/cuccaro_adder_n3/arm-quantile_risk_neutral/seed2025/checkpoint_target-cuccaro_adder_n3_seed2025_step1000.pkl,1000,2025,cuccaro_adder_n3,0,orbit,1,0,identity,True,1,13.0,True,13,-13.0,0.9137351512908936,117 85 101 141 139 137 135 47 65 67 63 15 31,117 85 101 141 139 137 135 47 65 67 63 15 31,01101110;01101010;01100110;01110001;00110001;01010001;00010001;00001100;01000010;00100010;00000010;00001000;00000100
results_gen_cuccaro/checkpoints/cuccaro_adder_n3/arm-quantile_risk_neutral/seed2025/checkpoint_target-cuccaro_adder_n3_seed2025_step1000.pkl,1000,2025,cuccaro_adder_n3,0,orbit,1,0,identity,True,2,13.0,True,13,-13.0,0.9297263622283936,117 85 101 47 141 139 137 135 65 31 67 63 15,117 85 101 47 141 139 137 135 65 31 67 63 15,01101110;01101010;01100110;00001100;01110001;00110001;01010001;00010001;01000010;00000100;00100010;00000010;00001000
results_gen_cuccaro/checkpoints/cuccaro_adder_n3/arm-quantile_risk_neutral/seed2025/checkpoint_target-cuccaro_adder_n3_seed2025_step1000.pkl,1000,2025,cuccaro_adder_n3,0,orbit,1,0,identity,True,3,13.0,True,13,-13.0,0.8387603759765625,117 85 101 141 139 137 135 47 65 15 67 63 31,117 85 101 141 139 137 135 47 65 15 67 63 31,01101110;01101010;01100110;01110001;00110001;01010001;00010001;00001100;01000010;00001000;00100010;00000010;00000100
results_gen_cuccaro/checkpoints/cuccaro_adder_n3/arm-quantile_risk_neutral/seed2025/checkpoint_target-cuccaro_adder_n3_seed2025_step1000.pkl,1000,2025,cuccaro_adder_n3,0,orbit,1,0,identity,True,4,13.0,True,13,-13.0,1.1059269905090332,117 85 101 141 139 137 135 65 47 67 63 15 31,117 85 101 141 139 137 135 65 47 67 63 15 31,01101110;01101010;01100110;01110001;00110001;01010001;00010001;01000010;00001100;00100010;00000010;00001000;00000100
