checkpoint,checkpoint_step,train_seed,target,target_index,control,k,attempt,basis_id,is_conjugate,eval_seed,cost,solved,num_moves,sum_rewards,seconds,action_sequence,canonical_action_sequence,canonical_factor_sequence
results_gen_cuccaro/checkpoints/cuccaro_adder_n3/arm-scalar_huber_d1/seed2026/checkpoint_target-cuccaro_adder_n3_seed2026_step1000.pkl,1000,2026,cuccaro_adder_n3,0,orbit,1,0,identity,True,0,13.0,True,13,-13.0,3.3821821212768555,117 101 85 141 139 137 135 67 47 65 31 15 63,117 101 85 141 139 137 135 67 47 65 31 15 63,01101110;01100110;01101010;01110001;00110001;01010001;00010001;00100010;00001100;01000010;00000100;00001000;00000010
results_gen_cuccaro/checkpoints/cuccaro_adder_n3/arm-scalar_huber_d1/seed2026/checkpoint_target-cuccaro_adder_n3_seed2026_step1000.pkl,1000,2026,cuccaro_adder_n3,0,orbit,1,0,identity,True,1,13.0,True,13,-13.0,1.2981114387512207,117 101 85 141 139 137 135 67 47 65 31 63 15,117 101 85 141 139 137 135 67 47 65 31 63 15,01101110;01100110;01101010;01110001;00110001;01010001;00010001;00100010;00001100;01000010;00000100;00000010;00001000
results_gen_cuccaro/checkpoints/cuccaro_adder_n3/arm-scalar_huber_d1/seed2026/checkpoint_target-cuccaro_adder_n3_seed2026_step1000.pkl,1000,2026,cuccaro_adder_n3,0,orbit,1,0,identity,True,2,13.0,True,13,-13.0,1.2926840782165527,117 101 85 141 139 137 135 67 47 65 31 63 15,117 101 85 141 139 137 135 67 47 65 31 63 15,01101110;01100110;01101010;01110001;00110001;01010001;00010001;00100010;00001100;01000010;00000100;00000010;00001000
results_gen_cuccaro/checkpoints/cuccaro_adder_n3/arm-scalar_huber_d1/seed2026/checkpoint_target-cuccaro_adder_n3_seed2026_step1000.pkl,1000,2026,cuccaro_adder_n3,0,orbit,1,0,identity,True,3,13.0,True,13,-13.0,1.4154341220855713,117 101 85 141 139 137 135 67 47 65 31 15 63,117 101 85 141 139 137 135 67 47 65 31 15 63,01101110;01100110;01101010;01110001;00110001;01010001;00010001;00100010;00001100;01000010;00000100;00001000;00000010
results_gen_cuccaro/checkpoints/cuccaro_adder_n3/arm-scalar_huber_d1/seed2026/checkpoint_target-cuccaro_adder_n3_seed2026_step1000.pkl,1000,2026,cuccaro_adder_n3,0,orbit,1,0,identity,True,4,13.0,True,13,-13.0,1.2822582721710205,117 101 85 141 139 137 135 67 47 65 15 63 31,117 101 85 141 139 137 135 67 47 65 15 63 31,01101110;01100110;01101010;01110001;00110001;01010001;00010001;00100010;00001100;01000010;00001000;00000010;00000100
