checkpoint,checkpoint_step,train_seed,target,target_index,control,k,attempt,basis_id,is_conjugate,eval_seed,cost,solved,num_moves,sum_rewards,seconds,action_sequence,canonical_action_sequence,canonical_factor_sequence
results_gen_cuccaro/checkpoints/cuccaro_adder_n3/arm-scalar_huber_d1/seed2025/checkpoint_target-cuccaro_adder_n3_seed2025_step1000.pkl,1000,2025,cuccaro_adder_n3,0,orbit,1,0,identity,True,0,14.0,True,14,-14.0,2.918168544769287,69 113 97 81 141 51 19 137 139 135 67 35 63 3,69 113 97 81 141 51 19 137 139 135 67 35 63 3,01100010;01001110;01000110;01001010;01110001;00101100;00101000;01010001;00110001;00010001;00100010;00100100;00000010;00100000
results_gen_cuccaro/checkpoints/cuccaro_adder_n3/arm-scalar_huber_d1/seed2025/checkpoint_target-cuccaro_adder_n3_seed2025_step1000.pkl,1000,2025,cuccaro_adder_n3,0,orbit,1,0,identity,True,1,14.0,True,14,-14.0,0.9162623882293701,69 113 97 81 141 51 19 137 139 135 67 35 63 3,69 113 97 81 141 51 19 137 139 135 67 35 63 3,01100010;01001110;01000110;01001010;01110001;00101100;00101000;01010001;00110001;00010001;00100010;00100100;00000010;00100000
results_gen_cuccaro/checkpoints/cuccaro_adder_n3/arm-scalar_huber_d1/seed2025/checkpoint_target-cuccaro_adder_n3_seed2025_step1000.pkl,1000,2025,cuccaro_adder_n3,0,orbit,1,0,identity,True,2,14.0,True,14,-14.0,0.9967164993286133,69 113 97 81 141 51 19 137 139 135 67 35 63 3,69 113 97 81 141 51 19 137 139 135 67 35 63 3,01100010;01001110;01000110;01001010;01110001;00101100;00101000;01010001;00110001;00010001;00100010;00100100;00000010;00100000
results_gen_cuccaro/checkpoints/cuccaro_adder_n3/arm-scalar_huber_d1/seed2025/checkpoint_target-cuccaro_adder_n3_seed2025_step1000.pkl,1000,2025,cuccaro_adder_n3,0,orbit,1,0,identity,True,3,14.0,True,14,-14.0,0.8696258068084717,69 113 97 81 141 51 19 137 139 135 67 35 63 3,69 113 97 81 141 51 19 137 139 135 67 35 63 3,01100010;01001110;01000110;01001010;01110001;00101100;00101000;01010001;00110001;00010001;00100010;00100100;00000010;00100000
results_gen_cuccaro/checkpoints/cuccaro_adder_n3/arm-scalar_huber_d1/seed2025/checkpoint_target-cuccaro_adder_n3_seed2025_step1000.pkl,1000,2025,cuccaro_adder_n3,0,orbit,1,0,identity,True,4,14.0,True,14,-14.0,1.1464428901672363,69 113 97 81 141 51 19 137 139 135 67 35 63 3,69 113 97 81 141 51 19 137 139 135 67 35 63 3,01100010;01001110;01000110;01001010;01110001;00101100;00101000;01010001;00110001;00010001;00100010;00100100;00000010;00100000
