checkpoint,checkpoint_step,train_seed,target,target_index,control,k,attempt,basis_id,is_conjugate,eval_seed,cost,solved,num_moves,sum_rewards,seconds,action_sequence,canonical_action_sequence,canonical_factor_sequence
results_gen_cuccaro/checkpoints/cuccaro_adder_n3/arm-quantile_q075/seed2024/checkpoint_target-cuccaro_adder_n3_seed2024_step1000.pkl,1000,2024,cuccaro_adder_n3,0,orbit,1,0,identity,True,0,13.0,True,13,-13.0,7.759888648986816,117 101 141 139 137 135 85 67 65 63 15 47 31,117 101 141 139 137 135 85 67 65 63 15 47 31,01101110;01100110;01110001;00110001;01010001;00010001;01101010;00100010;01000010;00000010;00001000;00001100;00000100
results_gen_cuccaro/checkpoints/cuccaro_adder_n3/arm-quantile_q075/seed2024/checkpoint_target-cuccaro_adder_n3_seed2024_step1000.pkl,1000,2024,cuccaro_adder_n3,0,orbit,1,0,identity,True,1,13.0,True,13,-13.0,1.9572575092315674,117 101 141 139 137 135 85 67 65 63 15 47 31,117 101 141 139 137 135 85 67 65 63 15 47 31,01101110;01100110;01110001;00110001;01010001;00010001;01101010;00100010;01000010;00000010;00001000;00001100;00000100
results_gen_cuccaro/checkpoints/cuccaro_adder_n3/arm-quantile_q075/seed2024/checkpoint_target-cuccaro_adder_n3_seed2024_step1000.pkl,1000,2024,cuccaro_adder_n3,0,orbit,1,0,identity,True,2,13.0,True,13,-13.0,1.993574619293213,117 101 141 139 137 135 85 67 65 63 15 47 31,117 101 141 139 137 135 85 67 65 63 15 47 31,01101110;01100110;01110001;00110001;01010001;00010001;01101010;00100010;01000010;00000010;00001000;00001100;00000100
results_gen_cuccaro/checkpoints/cuccaro_adder_n3/arm-quantile_q075/seed2024/checkpoint_target-cuccaro_adder_n3_seed2024_step1000.pkl,1000,2024,cuccaro_adder_n3,0,orbit,1,0,identity,True,3,13.0,True,13,-13.0,1.8401248455047607,117 101 141 139 137 135 85 67 65 63 15 47 31,117 101 141 139 137 135 85 67 65 63 15 47 31,01101110;01100110;01110001;00110001;01010001;00010001;01101010;00100010;01000010;00000010;00001000;00001100;00000100
results_gen_cuccaro/checkpoints/cuccaro_adder_n3/arm-quantile_q075/seed2024/checkpoint_target-cuccaro_adder_n3_seed2024_step1000.pkl,1000,2024,cuccaro_adder_n3,0,orbit,1,0,identity,True,4,13.0,True,13,-13.0,1.9617462158203125,117 101 141 139 137 135 85 67 65 63 15 47 31,117 101 141 139 137 135 85 67 65 63 15 47 31,01101110;01100110;01110001;00110001;01010001;00010001;01101010;00100010;01000010;00000010;00001000;00001100;00000100
