checkpoint,checkpoint_step,train_seed,target,target_index,control,k,attempt,basis_id,is_conjugate,eval_seed,cost,solved,num_moves,sum_rewards,seconds,action_sequence,canonical_action_sequence,canonical_factor_sequence
results_sweep_20260628/checkpoints/barenco_tof_3/arm-scalar_huber_d1/seed2026/checkpoint_target-barenco_tof_3_seed2026_step1000.pkl,1000,2026,barenco_tof_3,0,orbit,1,0,identity,True,0,14.0,True,14,-14.0,2.135162591934204,162 91 75 161 160 22 21 159 87 4 19 71 16 0,162 91 75 161 160 22 21 159 87 4 19 71 16 0,11000101;00111010;00110010;01000101;10000101;11101000;01101000;00000101;00011010;10100000;00101000;00010010;10001000;10000000
results_sweep_20260628/checkpoints/barenco_tof_3/arm-scalar_huber_d1/seed2026/checkpoint_target-barenco_tof_3_seed2026_step1000.pkl,1000,2026,barenco_tof_3,0,orbit,1,0,identity,True,1,14.0,True,14,-14.0,0.325270414352417,162 91 75 161 160 22 21 159 87 4 19 71 16 0,162 91 75 161 160 22 21 159 87 4 19 71 16 0,11000101;00111010;00110010;01000101;10000101;11101000;01101000;00000101;00011010;10100000;00101000;00010010;10001000;10000000
results_sweep_20260628/checkpoints/barenco_tof_3/arm-scalar_huber_d1/seed2026/checkpoint_target-barenco_tof_3_seed2026_step1000.pkl,1000,2026,barenco_tof_3,0,orbit,1,0,identity,True,2,14.0,True,14,-14.0,0.32325267791748047,162 91 75 161 160 22 21 159 87 4 19 71 16 0,162 91 75 161 160 22 21 159 87 4 19 71 16 0,11000101;00111010;00110010;01000101;10000101;11101000;01101000;00000101;00011010;10100000;00101000;00010010;10001000;10000000
results_sweep_20260628/checkpoints/barenco_tof_3/arm-scalar_huber_d1/seed2026/checkpoint_target-barenco_tof_3_seed2026_step1000.pkl,1000,2026,barenco_tof_3,0,orbit,1,0,identity,True,3,14.0,True,14,-14.0,0.32616281509399414,162 91 75 161 160 22 21 159 87 4 19 71 16 0,162 91 75 161 160 22 21 159 87 4 19 71 16 0,11000101;00111010;00110010;01000101;10000101;11101000;01101000;00000101;00011010;10100000;00101000;00010010;10001000;10000000
results_sweep_20260628/checkpoints/barenco_tof_3/arm-scalar_huber_d1/seed2026/checkpoint_target-barenco_tof_3_seed2026_step1000.pkl,1000,2026,barenco_tof_3,0,orbit,1,0,identity,True,4,14.0,True,14,-14.0,0.3243567943572998,162 91 75 161 160 22 21 159 87 4 19 71 16 0,162 91 75 161 160 22 21 159 87 4 19 71 16 0,11000101;00111010;00110010;01000101;10000101;11101000;01101000;00000101;00011010;10100000;00101000;00010010;10001000;10000000
