checkpoint,checkpoint_step,train_seed,target,target_index,control,k,attempt,basis_id,is_conjugate,eval_seed,cost,solved,num_moves,sum_rewards,seconds,action_sequence,canonical_action_sequence,canonical_factor_sequence
results_sweep_20260628/checkpoints/barenco_tof_3/arm-scalar_huber_d2/seed2025/checkpoint_target-barenco_tof_3_seed2025_step1000.pkl,1000,2025,barenco_tof_3,0,orbit,1,0,identity,True,0,14.0,True,14,-14.0,2.144145965576172,22 162 161 160 21 91 75 4 87 159 16 19 71 0,22 162 161 160 21 91 75 4 87 159 16 19 71 0,11101000;11000101;01000101;10000101;01101000;00111010;00110010;10100000;00011010;00000101;10001000;00101000;00010010;10000000
results_sweep_20260628/checkpoints/barenco_tof_3/arm-scalar_huber_d2/seed2025/checkpoint_target-barenco_tof_3_seed2025_step1000.pkl,1000,2025,barenco_tof_3,0,orbit,1,0,identity,True,1,14.0,True,14,-14.0,0.3320600986480713,22 162 161 160 21 91 75 4 87 159 16 19 71 0,22 162 161 160 21 91 75 4 87 159 16 19 71 0,11101000;11000101;01000101;10000101;01101000;00111010;00110010;10100000;00011010;00000101;10001000;00101000;00010010;10000000
results_sweep_20260628/checkpoints/barenco_tof_3/arm-scalar_huber_d2/seed2025/checkpoint_target-barenco_tof_3_seed2025_step1000.pkl,1000,2025,barenco_tof_3,0,orbit,1,0,identity,True,2,14.0,True,14,-14.0,0.33118510246276855,22 162 161 160 21 91 75 4 87 159 16 19 71 0,22 162 161 160 21 91 75 4 87 159 16 19 71 0,11101000;11000101;01000101;10000101;01101000;00111010;00110010;10100000;00011010;00000101;10001000;00101000;00010010;10000000
results_sweep_20260628/checkpoints/barenco_tof_3/arm-scalar_huber_d2/seed2025/checkpoint_target-barenco_tof_3_seed2025_step1000.pkl,1000,2025,barenco_tof_3,0,orbit,1,0,identity,True,3,14.0,True,14,-14.0,0.32926249504089355,22 162 161 160 21 91 75 4 87 159 16 19 71 0,22 162 161 160 21 91 75 4 87 159 16 19 71 0,11101000;11000101;01000101;10000101;01101000;00111010;00110010;10100000;00011010;00000101;10001000;00101000;00010010;10000000
results_sweep_20260628/checkpoints/barenco_tof_3/arm-scalar_huber_d2/seed2025/checkpoint_target-barenco_tof_3_seed2025_step1000.pkl,1000,2025,barenco_tof_3,0,orbit,1,0,identity,True,4,14.0,True,14,-14.0,0.32633423805236816,22 162 161 160 21 91 75 4 87 159 16 19 71 0,22 162 161 160 21 91 75 4 87 159 16 19 71 0,11101000;11000101;01000101;10000101;01101000;00111010;00110010;10100000;00011010;00000101;10001000;00101000;00010010;10000000
