checkpoint,checkpoint_step,train_seed,target,target_index,control,k,attempt,basis_id,is_conjugate,eval_seed,cost,solved,num_moves,sum_rewards,seconds,action_sequence,canonical_action_sequence,canonical_factor_sequence
results_harden_dsw_d2_2027/checkpoints/barenco_tof_3/arm-scalar_huber_d2/seed2027/checkpoint_target-barenco_tof_3_seed2027_step1000.pkl,1000,2027,barenco_tof_3,0,orbit,1,0,identity,True,0,14.0,True,14,-14.0,8.414928913116455,91 75 87 22 4 21 71 162 161 19 160 16 159 0,91 75 87 22 4 21 71 162 161 19 160 16 159 0,00111010;00110010;00011010;11101000;10100000;01101000;00010010;11000101;01000101;00101000;10000101;10001000;00000101;10000000
results_harden_dsw_d2_2027/checkpoints/barenco_tof_3/arm-scalar_huber_d2/seed2027/checkpoint_target-barenco_tof_3_seed2027_step1000.pkl,1000,2027,barenco_tof_3,0,orbit,1,0,identity,True,1,14.0,True,14,-14.0,0.43744444847106934,91 75 87 22 4 21 71 162 161 19 160 16 159 0,91 75 87 22 4 21 71 162 161 19 160 16 159 0,00111010;00110010;00011010;11101000;10100000;01101000;00010010;11000101;01000101;00101000;10000101;10001000;00000101;10000000
results_harden_dsw_d2_2027/checkpoints/barenco_tof_3/arm-scalar_huber_d2/seed2027/checkpoint_target-barenco_tof_3_seed2027_step1000.pkl,1000,2027,barenco_tof_3,0,orbit,1,0,identity,True,2,14.0,True,14,-14.0,0.43247532844543457,91 75 87 22 4 21 71 162 161 19 160 16 159 0,91 75 87 22 4 21 71 162 161 19 160 16 159 0,00111010;00110010;00011010;11101000;10100000;01101000;00010010;11000101;01000101;00101000;10000101;10001000;00000101;10000000
results_harden_dsw_d2_2027/checkpoints/barenco_tof_3/arm-scalar_huber_d2/seed2027/checkpoint_target-barenco_tof_3_seed2027_step1000.pkl,1000,2027,barenco_tof_3,0,orbit,1,0,identity,True,3,14.0,True,14,-14.0,0.43019843101501465,91 75 87 22 4 21 71 162 161 19 160 16 159 0,91 75 87 22 4 21 71 162 161 19 160 16 159 0,00111010;00110010;00011010;11101000;10100000;01101000;00010010;11000101;01000101;00101000;10000101;10001000;00000101;10000000
results_harden_dsw_d2_2027/checkpoints/barenco_tof_3/arm-scalar_huber_d2/seed2027/checkpoint_target-barenco_tof_3_seed2027_step1000.pkl,1000,2027,barenco_tof_3,0,orbit,1,0,identity,True,4,14.0,True,14,-14.0,0.43327808380126953,91 75 87 22 4 21 71 162 161 19 160 16 159 0,91 75 87 22 4 21 71 162 161 19 160 16 159 0,00111010;00110010;00011010;11101000;10100000;01101000;00010010;11000101;01000101;00101000;10000101;10001000;00000101;10000000
