checkpoint,checkpoint_step,train_seed,target,target_index,control,k,attempt,basis_id,is_conjugate,eval_seed,cost,solved,num_moves,sum_rewards,seconds,action_sequence,canonical_action_sequence,canonical_factor_sequence
results_sweep_20260628/checkpoints/barenco_tof_3/arm-scalar_huber_d2/seed2026/checkpoint_target-barenco_tof_3_seed2026_step1000.pkl,1000,2026,barenco_tof_3,0,orbit,1,0,identity,True,0,14.0,True,14,-14.0,1.9946479797363281,162 91 75 22 160 21 161 87 159 71 4 16 19 0,162 91 75 22 160 21 161 87 159 71 4 16 19 0,11000101;00111010;00110010;11101000;10000101;01101000;01000101;00011010;00000101;00010010;10100000;10001000;00101000;10000000
results_sweep_20260628/checkpoints/barenco_tof_3/arm-scalar_huber_d2/seed2026/checkpoint_target-barenco_tof_3_seed2026_step1000.pkl,1000,2026,barenco_tof_3,0,orbit,1,0,identity,True,1,14.0,True,14,-14.0,0.3083028793334961,162 91 75 22 160 21 87 161 159 71 16 19 4 0,162 91 75 22 160 21 87 161 159 71 16 19 4 0,11000101;00111010;00110010;11101000;10000101;01101000;00011010;01000101;00000101;00010010;10001000;00101000;10100000;10000000
results_sweep_20260628/checkpoints/barenco_tof_3/arm-scalar_huber_d2/seed2026/checkpoint_target-barenco_tof_3_seed2026_step1000.pkl,1000,2026,barenco_tof_3,0,orbit,1,0,identity,True,2,14.0,True,14,-14.0,0.30389952659606934,162 91 75 22 160 21 161 87 159 71 4 16 19 0,162 91 75 22 160 21 161 87 159 71 4 16 19 0,11000101;00111010;00110010;11101000;10000101;01101000;01000101;00011010;00000101;00010010;10100000;10001000;00101000;10000000
results_sweep_20260628/checkpoints/barenco_tof_3/arm-scalar_huber_d2/seed2026/checkpoint_target-barenco_tof_3_seed2026_step1000.pkl,1000,2026,barenco_tof_3,0,orbit,1,0,identity,True,3,14.0,True,14,-14.0,0.3048081398010254,162 91 75 22 160 21 161 87 159 71 4 16 19 0,162 91 75 22 160 21 161 87 159 71 4 16 19 0,11000101;00111010;00110010;11101000;10000101;01101000;01000101;00011010;00000101;00010010;10100000;10001000;00101000;10000000
results_sweep_20260628/checkpoints/barenco_tof_3/arm-scalar_huber_d2/seed2026/checkpoint_target-barenco_tof_3_seed2026_step1000.pkl,1000,2026,barenco_tof_3,0,orbit,1,0,identity,True,4,14.0,True,14,-14.0,0.3026595115661621,162 91 75 22 160 21 161 87 159 19 4 71 16 0,162 91 75 22 160 21 161 87 159 19 4 71 16 0,11000101;00111010;00110010;11101000;10000101;01101000;01000101;00011010;00000101;00101000;10100000;00010010;10001000;10000000
