checkpoint,checkpoint_step,train_seed,target,target_index,control,k,attempt,basis_id,is_conjugate,eval_seed,cost,solved,num_moves,sum_rewards,seconds,action_sequence,canonical_action_sequence,canonical_factor_sequence
results_sweep_20260628/checkpoints/barenco_tof_3/arm-scalar_huber_d0.5/seed2026/checkpoint_target-barenco_tof_3_seed2026_step1000.pkl,1000,2026,barenco_tof_3,0,orbit,1,0,identity,True,0,14.0,True,14,-14.0,2.2056777477264404,22 162 161 160 159 21 91 75 87 71 16 4 19 0,22 162 161 160 159 21 91 75 87 71 16 4 19 0,11101000;11000101;01000101;10000101;00000101;01101000;00111010;00110010;00011010;00010010;10001000;10100000;00101000;10000000
results_sweep_20260628/checkpoints/barenco_tof_3/arm-scalar_huber_d0.5/seed2026/checkpoint_target-barenco_tof_3_seed2026_step1000.pkl,1000,2026,barenco_tof_3,0,orbit,1,0,identity,True,1,14.0,True,14,-14.0,0.33330202102661133,22 162 161 160 159 21 91 75 87 71 16 4 19 0,22 162 161 160 159 21 91 75 87 71 16 4 19 0,11101000;11000101;01000101;10000101;00000101;01101000;00111010;00110010;00011010;00010010;10001000;10100000;00101000;10000000
results_sweep_20260628/checkpoints/barenco_tof_3/arm-scalar_huber_d0.5/seed2026/checkpoint_target-barenco_tof_3_seed2026_step1000.pkl,1000,2026,barenco_tof_3,0,orbit,1,0,identity,True,2,14.0,True,14,-14.0,0.3395805358886719,22 162 161 160 159 21 91 75 87 71 16 4 19 0,22 162 161 160 159 21 91 75 87 71 16 4 19 0,11101000;11000101;01000101;10000101;00000101;01101000;00111010;00110010;00011010;00010010;10001000;10100000;00101000;10000000
results_sweep_20260628/checkpoints/barenco_tof_3/arm-scalar_huber_d0.5/seed2026/checkpoint_target-barenco_tof_3_seed2026_step1000.pkl,1000,2026,barenco_tof_3,0,orbit,1,0,identity,True,3,14.0,True,14,-14.0,0.33644819259643555,22 162 161 160 159 21 91 75 87 71 16 4 19 0,22 162 161 160 159 21 91 75 87 71 16 4 19 0,11101000;11000101;01000101;10000101;00000101;01101000;00111010;00110010;00011010;00010010;10001000;10100000;00101000;10000000
results_sweep_20260628/checkpoints/barenco_tof_3/arm-scalar_huber_d0.5/seed2026/checkpoint_target-barenco_tof_3_seed2026_step1000.pkl,1000,2026,barenco_tof_3,0,orbit,1,0,identity,True,4,14.0,True,14,-14.0,0.3280982971191406,22 162 161 160 159 21 91 75 87 71 19 16 4 0,22 162 161 160 159 21 91 75 87 71 19 16 4 0,11101000;11000101;01000101;10000101;00000101;01101000;00111010;00110010;00011010;00010010;00101000;10001000;10100000;10000000
