checkpoint,checkpoint_step,train_seed,target,target_index,control,k,attempt,basis_id,is_conjugate,eval_seed,cost,solved,num_moves,sum_rewards,seconds,action_sequence,canonical_action_sequence,canonical_factor_sequence
results_sweep_20260628/checkpoints/barenco_tof_3/arm-scalar_huber_d1/seed2025/checkpoint_target-barenco_tof_3_seed2025_step1000.pkl,1000,2025,barenco_tof_3,0,orbit,1,0,identity,True,0,14.0,True,14,-14.0,1.9903521537780762,22 162 161 160 21 4 91 75 87 71 159 16 19 0,22 162 161 160 21 4 91 75 87 71 159 16 19 0,11101000;11000101;01000101;10000101;01101000;10100000;00111010;00110010;00011010;00010010;00000101;10001000;00101000;10000000
results_sweep_20260628/checkpoints/barenco_tof_3/arm-scalar_huber_d1/seed2025/checkpoint_target-barenco_tof_3_seed2025_step1000.pkl,1000,2025,barenco_tof_3,0,orbit,1,0,identity,True,1,14.0,True,14,-14.0,0.31990933418273926,22 162 161 160 21 4 91 75 87 71 159 19 16 0,22 162 161 160 21 4 91 75 87 71 159 19 16 0,11101000;11000101;01000101;10000101;01101000;10100000;00111010;00110010;00011010;00010010;00000101;00101000;10001000;10000000
results_sweep_20260628/checkpoints/barenco_tof_3/arm-scalar_huber_d1/seed2025/checkpoint_target-barenco_tof_3_seed2025_step1000.pkl,1000,2025,barenco_tof_3,0,orbit,1,0,identity,True,2,14.0,True,14,-14.0,0.3139986991882324,22 162 161 160 21 4 91 75 87 159 71 16 19 0,22 162 161 160 21 4 91 75 87 159 71 16 19 0,11101000;11000101;01000101;10000101;01101000;10100000;00111010;00110010;00011010;00000101;00010010;10001000;00101000;10000000
results_sweep_20260628/checkpoints/barenco_tof_3/arm-scalar_huber_d1/seed2025/checkpoint_target-barenco_tof_3_seed2025_step1000.pkl,1000,2025,barenco_tof_3,0,orbit,1,0,identity,True,3,14.0,True,14,-14.0,0.3115813732147217,22 162 161 160 159 21 91 75 4 87 71 16 19 0,22 162 161 160 159 21 91 75 4 87 71 16 19 0,11101000;11000101;01000101;10000101;00000101;01101000;00111010;00110010;10100000;00011010;00010010;10001000;00101000;10000000
results_sweep_20260628/checkpoints/barenco_tof_3/arm-scalar_huber_d1/seed2025/checkpoint_target-barenco_tof_3_seed2025_step1000.pkl,1000,2025,barenco_tof_3,0,orbit,1,0,identity,True,4,14.0,True,14,-14.0,0.3141477108001709,22 162 161 160 159 21 91 75 4 87 71 16 19 0,22 162 161 160 159 21 91 75 4 87 71 16 19 0,11101000;11000101;01000101;10000101;00000101;01101000;00111010;00110010;10100000;00011010;00010010;10001000;00101000;10000000
