checkpoint,checkpoint_step,train_seed,target,target_index,control,k,attempt,basis_id,is_conjugate,eval_seed,cost,solved,num_moves,sum_rewards,seconds,action_sequence,canonical_action_sequence,canonical_factor_sequence
results_sweep_20260628/checkpoints/barenco_tof_3/arm-scalar_huber_d1/seed2024/checkpoint_target-barenco_tof_3_seed2024_step1000.pkl,1000,2024,barenco_tof_3,0,orbit,1,0,identity,True,0,14.0,True,14,-14.0,2.1684279441833496,91 22 21 162 160 161 87 75 71 159 16 4 19 0,91 22 21 162 160 161 87 75 71 159 16 4 19 0,00111010;11101000;01101000;11000101;10000101;01000101;00011010;00110010;00010010;00000101;10001000;10100000;00101000;10000000
results_sweep_20260628/checkpoints/barenco_tof_3/arm-scalar_huber_d1/seed2024/checkpoint_target-barenco_tof_3_seed2024_step1000.pkl,1000,2024,barenco_tof_3,0,orbit,1,0,identity,True,1,14.0,True,14,-14.0,0.3356328010559082,91 22 21 162 160 161 87 75 71 159 19 16 4 0,91 22 21 162 160 161 87 75 71 159 19 16 4 0,00111010;11101000;01101000;11000101;10000101;01000101;00011010;00110010;00010010;00000101;00101000;10001000;10100000;10000000
results_sweep_20260628/checkpoints/barenco_tof_3/arm-scalar_huber_d1/seed2024/checkpoint_target-barenco_tof_3_seed2024_step1000.pkl,1000,2024,barenco_tof_3,0,orbit,1,0,identity,True,2,14.0,True,14,-14.0,0.3303108215332031,91 22 21 162 160 161 87 75 71 159 19 16 4 0,91 22 21 162 160 161 87 75 71 159 19 16 4 0,00111010;11101000;01101000;11000101;10000101;01000101;00011010;00110010;00010010;00000101;00101000;10001000;10100000;10000000
results_sweep_20260628/checkpoints/barenco_tof_3/arm-scalar_huber_d1/seed2024/checkpoint_target-barenco_tof_3_seed2024_step1000.pkl,1000,2024,barenco_tof_3,0,orbit,1,0,identity,True,3,14.0,True,14,-14.0,0.3249092102050781,91 22 21 162 160 161 87 75 71 159 19 16 4 0,91 22 21 162 160 161 87 75 71 159 19 16 4 0,00111010;11101000;01101000;11000101;10000101;01000101;00011010;00110010;00010010;00000101;00101000;10001000;10100000;10000000
results_sweep_20260628/checkpoints/barenco_tof_3/arm-scalar_huber_d1/seed2024/checkpoint_target-barenco_tof_3_seed2024_step1000.pkl,1000,2024,barenco_tof_3,0,orbit,1,0,identity,True,4,14.0,True,14,-14.0,0.32433128356933594,91 22 21 162 160 161 87 75 71 159 19 16 4 0,91 22 21 162 160 161 87 75 71 159 19 16 4 0,00111010;11101000;01101000;11000101;10000101;01000101;00011010;00110010;00010010;00000101;00101000;10001000;10100000;10000000
