checkpoint,checkpoint_step,train_seed,target,target_index,control,k,attempt,basis_id,is_conjugate,eval_seed,cost,solved,num_moves,sum_rewards,seconds,action_sequence,canonical_action_sequence,canonical_factor_sequence
results_sweep_20260628/checkpoints/barenco_tof_3/arm-scalar_huber_d0.5/seed2024/checkpoint_target-barenco_tof_3_seed2024_step1000.pkl,1000,2024,barenco_tof_3,0,orbit,1,0,identity,True,0,14.0,True,14,-14.0,4.585540533065796,22 91 87 75 21 162 161 160 159 71 19 16 4 0,22 91 87 75 21 162 161 160 159 71 19 16 4 0,11101000;00111010;00011010;00110010;01101000;11000101;01000101;10000101;00000101;00010010;00101000;10001000;10100000;10000000
results_sweep_20260628/checkpoints/barenco_tof_3/arm-scalar_huber_d0.5/seed2024/checkpoint_target-barenco_tof_3_seed2024_step1000.pkl,1000,2024,barenco_tof_3,0,orbit,1,0,identity,True,1,14.0,True,14,-14.0,0.3060882091522217,22 91 87 75 21 162 161 160 159 71 19 16 4 0,22 91 87 75 21 162 161 160 159 71 19 16 4 0,11101000;00111010;00011010;00110010;01101000;11000101;01000101;10000101;00000101;00010010;00101000;10001000;10100000;10000000
results_sweep_20260628/checkpoints/barenco_tof_3/arm-scalar_huber_d0.5/seed2024/checkpoint_target-barenco_tof_3_seed2024_step1000.pkl,1000,2024,barenco_tof_3,0,orbit,1,0,identity,True,2,14.0,True,14,-14.0,0.3055553436279297,22 91 87 75 21 162 161 160 159 71 19 4 16 0,22 91 87 75 21 162 161 160 159 71 19 4 16 0,11101000;00111010;00011010;00110010;01101000;11000101;01000101;10000101;00000101;00010010;00101000;10100000;10001000;10000000
results_sweep_20260628/checkpoints/barenco_tof_3/arm-scalar_huber_d0.5/seed2024/checkpoint_target-barenco_tof_3_seed2024_step1000.pkl,1000,2024,barenco_tof_3,0,orbit,1,0,identity,True,3,14.0,True,14,-14.0,0.30707693099975586,22 91 87 75 162 161 160 71 159 21 19 16 4 0,22 91 87 75 162 161 160 71 159 21 19 16 4 0,11101000;00111010;00011010;00110010;11000101;01000101;10000101;00010010;00000101;01101000;00101000;10001000;10100000;10000000
results_sweep_20260628/checkpoints/barenco_tof_3/arm-scalar_huber_d0.5/seed2024/checkpoint_target-barenco_tof_3_seed2024_step1000.pkl,1000,2024,barenco_tof_3,0,orbit,1,0,identity,True,4,14.0,True,14,-14.0,0.30498576164245605,22 91 87 75 21 162 161 160 159 71 19 16 4 0,22 91 87 75 21 162 161 160 159 71 19 16 4 0,11101000;00111010;00011010;00110010;01101000;11000101;01000101;10000101;00000101;00010010;00101000;10001000;10100000;10000000
