checkpoint,checkpoint_step,train_seed,target,target_index,control,k,attempt,basis_id,is_conjugate,eval_seed,cost,solved,num_moves,sum_rewards,seconds,action_sequence,canonical_action_sequence,canonical_factor_sequence
results_sweep_20260628/checkpoints/barenco_tof_3/arm-scalar_huber_d0.5/seed2025/checkpoint_target-barenco_tof_3_seed2025_step1000.pkl,1000,2025,barenco_tof_3,0,orbit,1,0,identity,True,0,14.0,True,14,-14.0,2.1152026653289795,162 22 16 91 87 75 71 21 19 4 160 161 159 0,162 22 16 91 87 75 71 21 19 4 160 161 159 0,11000101;11101000;10001000;00111010;00011010;00110010;00010010;01101000;00101000;10100000;10000101;01000101;00000101;10000000
results_sweep_20260628/checkpoints/barenco_tof_3/arm-scalar_huber_d0.5/seed2025/checkpoint_target-barenco_tof_3_seed2025_step1000.pkl,1000,2025,barenco_tof_3,0,orbit,1,0,identity,True,1,14.0,True,14,-14.0,0.3182835578918457,162 22 16 91 87 75 71 21 19 4 160 161 159 0,162 22 16 91 87 75 71 21 19 4 160 161 159 0,11000101;11101000;10001000;00111010;00011010;00110010;00010010;01101000;00101000;10100000;10000101;01000101;00000101;10000000
results_sweep_20260628/checkpoints/barenco_tof_3/arm-scalar_huber_d0.5/seed2025/checkpoint_target-barenco_tof_3_seed2025_step1000.pkl,1000,2025,barenco_tof_3,0,orbit,1,0,identity,True,2,14.0,True,14,-14.0,0.3231329917907715,162 22 16 91 87 75 71 21 19 4 160 161 159 0,162 22 16 91 87 75 71 21 19 4 160 161 159 0,11000101;11101000;10001000;00111010;00011010;00110010;00010010;01101000;00101000;10100000;10000101;01000101;00000101;10000000
results_sweep_20260628/checkpoints/barenco_tof_3/arm-scalar_huber_d0.5/seed2025/checkpoint_target-barenco_tof_3_seed2025_step1000.pkl,1000,2025,barenco_tof_3,0,orbit,1,0,identity,True,3,14.0,True,14,-14.0,0.33234238624572754,162 22 16 91 87 75 71 21 19 4 160 161 159 0,162 22 16 91 87 75 71 21 19 4 160 161 159 0,11000101;11101000;10001000;00111010;00011010;00110010;00010010;01101000;00101000;10100000;10000101;01000101;00000101;10000000
results_sweep_20260628/checkpoints/barenco_tof_3/arm-scalar_huber_d0.5/seed2025/checkpoint_target-barenco_tof_3_seed2025_step1000.pkl,1000,2025,barenco_tof_3,0,orbit,1,0,identity,True,4,14.0,True,14,-14.0,0.3215599060058594,162 22 16 91 87 75 71 21 19 4 160 161 159 0,162 22 16 91 87 75 71 21 19 4 160 161 159 0,11000101;11101000;10001000;00111010;00011010;00110010;00010010;01101000;00101000;10100000;10000101;01000101;00000101;10000000
