checkpoint,checkpoint_step,train_seed,target,target_index,control,k,attempt,basis_id,is_conjugate,eval_seed,cost,solved,num_moves,sum_rewards,seconds,action_sequence,canonical_action_sequence,canonical_factor_sequence
results_harden_dsw_d2_2028/checkpoints/barenco_tof_3/arm-scalar_huber_d2/seed2028/checkpoint_target-barenco_tof_3_seed2028_step1000.pkl,1000,2028,barenco_tof_3,0,orbit,1,0,identity,True,0,14.0,True,14,-14.0,7.775939226150513,91 87 22 75 21 4 162 71 160 161 19 159 16 0,91 87 22 75 21 4 162 71 160 161 19 159 16 0,00111010;00011010;11101000;00110010;01101000;10100000;11000101;00010010;10000101;01000101;00101000;00000101;10001000;10000000
results_harden_dsw_d2_2028/checkpoints/barenco_tof_3/arm-scalar_huber_d2/seed2028/checkpoint_target-barenco_tof_3_seed2028_step1000.pkl,1000,2028,barenco_tof_3,0,orbit,1,0,identity,True,1,14.0,True,14,-14.0,0.44287109375,91 87 22 75 21 4 162 71 160 161 19 159 16 0,91 87 22 75 21 4 162 71 160 161 19 159 16 0,00111010;00011010;11101000;00110010;01101000;10100000;11000101;00010010;10000101;01000101;00101000;00000101;10001000;10000000
results_harden_dsw_d2_2028/checkpoints/barenco_tof_3/arm-scalar_huber_d2/seed2028/checkpoint_target-barenco_tof_3_seed2028_step1000.pkl,1000,2028,barenco_tof_3,0,orbit,1,0,identity,True,2,14.0,True,14,-14.0,0.43084073066711426,91 87 22 75 21 4 162 71 160 161 19 159 16 0,91 87 22 75 21 4 162 71 160 161 19 159 16 0,00111010;00011010;11101000;00110010;01101000;10100000;11000101;00010010;10000101;01000101;00101000;00000101;10001000;10000000
results_harden_dsw_d2_2028/checkpoints/barenco_tof_3/arm-scalar_huber_d2/seed2028/checkpoint_target-barenco_tof_3_seed2028_step1000.pkl,1000,2028,barenco_tof_3,0,orbit,1,0,identity,True,3,14.0,True,14,-14.0,0.43738412857055664,91 87 22 75 21 4 162 71 160 161 19 159 16 0,91 87 22 75 21 4 162 71 160 161 19 159 16 0,00111010;00011010;11101000;00110010;01101000;10100000;11000101;00010010;10000101;01000101;00101000;00000101;10001000;10000000
results_harden_dsw_d2_2028/checkpoints/barenco_tof_3/arm-scalar_huber_d2/seed2028/checkpoint_target-barenco_tof_3_seed2028_step1000.pkl,1000,2028,barenco_tof_3,0,orbit,1,0,identity,True,4,14.0,True,14,-14.0,0.4411177635192871,91 87 22 75 21 4 162 71 160 161 19 16 159 0,91 87 22 75 21 4 162 71 160 161 19 16 159 0,00111010;00011010;11101000;00110010;01101000;10100000;11000101;00010010;10000101;01000101;00101000;10001000;00000101;10000000
