checkpoint,checkpoint_step,train_seed,target,target_index,control,k,attempt,basis_id,is_conjugate,eval_seed,cost,solved,num_moves,sum_rewards,seconds,action_sequence,canonical_action_sequence,canonical_factor_sequence
results_harden_dsw_d05_2027/checkpoints/barenco_tof_3/arm-scalar_huber_d0.5/seed2027/checkpoint_target-barenco_tof_3_seed2027_step1000.pkl,1000,2027,barenco_tof_3,0,orbit,1,0,identity,True,0,14.0,True,14,-14.0,8.679204225540161,160 22 162 161 159 91 21 87 75 71 19 16 4 0,160 22 162 161 159 91 21 87 75 71 19 16 4 0,10000101;11101000;11000101;01000101;00000101;00111010;01101000;00011010;00110010;00010010;00101000;10001000;10100000;10000000
results_harden_dsw_d05_2027/checkpoints/barenco_tof_3/arm-scalar_huber_d0.5/seed2027/checkpoint_target-barenco_tof_3_seed2027_step1000.pkl,1000,2027,barenco_tof_3,0,orbit,1,0,identity,True,1,14.0,True,14,-14.0,0.4244670867919922,160 22 162 161 159 91 21 87 75 71 19 16 4 0,160 22 162 161 159 91 21 87 75 71 19 16 4 0,10000101;11101000;11000101;01000101;00000101;00111010;01101000;00011010;00110010;00010010;00101000;10001000;10100000;10000000
results_harden_dsw_d05_2027/checkpoints/barenco_tof_3/arm-scalar_huber_d0.5/seed2027/checkpoint_target-barenco_tof_3_seed2027_step1000.pkl,1000,2027,barenco_tof_3,0,orbit,1,0,identity,True,2,14.0,True,14,-14.0,0.42820262908935547,160 22 162 161 159 91 21 87 75 71 19 16 4 0,160 22 162 161 159 91 21 87 75 71 19 16 4 0,10000101;11101000;11000101;01000101;00000101;00111010;01101000;00011010;00110010;00010010;00101000;10001000;10100000;10000000
results_harden_dsw_d05_2027/checkpoints/barenco_tof_3/arm-scalar_huber_d0.5/seed2027/checkpoint_target-barenco_tof_3_seed2027_step1000.pkl,1000,2027,barenco_tof_3,0,orbit,1,0,identity,True,3,14.0,True,14,-14.0,0.41821718215942383,160 22 162 161 159 91 21 87 75 71 19 16 4 0,160 22 162 161 159 91 21 87 75 71 19 16 4 0,10000101;11101000;11000101;01000101;00000101;00111010;01101000;00011010;00110010;00010010;00101000;10001000;10100000;10000000
results_harden_dsw_d05_2027/checkpoints/barenco_tof_3/arm-scalar_huber_d0.5/seed2027/checkpoint_target-barenco_tof_3_seed2027_step1000.pkl,1000,2027,barenco_tof_3,0,orbit,1,0,identity,True,4,14.0,True,14,-14.0,0.42644524574279785,160 22 162 161 159 91 21 87 75 71 19 16 4 0,160 22 162 161 159 91 21 87 75 71 19 16 4 0,10000101;11101000;11000101;01000101;00000101;00111010;01101000;00011010;00110010;00010010;00101000;10001000;10100000;10000000
