checkpoint,checkpoint_step,train_seed,target,target_index,control,k,attempt,basis_id,is_conjugate,eval_seed,cost,solved,num_moves,sum_rewards,seconds,action_sequence,canonical_action_sequence,canonical_factor_sequence
results_support_categorical_121_2024/checkpoints/barenco_tof_3/arm-categorical_121/seed2024/checkpoint_target-barenco_tof_3_seed2024_step1000.pkl,1000,2024,barenco_tof_3,0,orbit,1,0,identity,True,0,14.0,True,14,-14.0,6.778549432754517,22 162 161 160 159 16 91 21 4 19 0 87 75 71,22 162 161 160 159 16 91 21 4 19 0 87 75 71,11101000;11000101;01000101;10000101;00000101;10001000;00111010;01101000;10100000;00101000;10000000;00011010;00110010;00010010
results_support_categorical_121_2024/checkpoints/barenco_tof_3/arm-categorical_121/seed2024/checkpoint_target-barenco_tof_3_seed2024_step1000.pkl,1000,2024,barenco_tof_3,0,orbit,1,0,identity,True,1,14.0,True,14,-14.0,0.44601988792419434,22 162 161 160 159 16 91 21 4 19 0 87 75 71,22 162 161 160 159 16 91 21 4 19 0 87 75 71,11101000;11000101;01000101;10000101;00000101;10001000;00111010;01101000;10100000;00101000;10000000;00011010;00110010;00010010
results_support_categorical_121_2024/checkpoints/barenco_tof_3/arm-categorical_121/seed2024/checkpoint_target-barenco_tof_3_seed2024_step1000.pkl,1000,2024,barenco_tof_3,0,orbit,1,0,identity,True,2,14.0,True,14,-14.0,0.46492934226989746,22 162 161 160 16 159 21 91 4 19 0 87 75 71,22 162 161 160 16 159 21 91 4 19 0 87 75 71,11101000;11000101;01000101;10000101;10001000;00000101;01101000;00111010;10100000;00101000;10000000;00011010;00110010;00010010
results_support_categorical_121_2024/checkpoints/barenco_tof_3/arm-categorical_121/seed2024/checkpoint_target-barenco_tof_3_seed2024_step1000.pkl,1000,2024,barenco_tof_3,0,orbit,1,0,identity,True,3,14.0,True,14,-14.0,0.45219874382019043,22 162 161 160 16 159 21 91 4 19 0 87 75 71,22 162 161 160 16 159 21 91 4 19 0 87 75 71,11101000;11000101;01000101;10000101;10001000;00000101;01101000;00111010;10100000;00101000;10000000;00011010;00110010;00010010
results_support_categorical_121_2024/checkpoints/barenco_tof_3/arm-categorical_121/seed2024/checkpoint_target-barenco_tof_3_seed2024_step1000.pkl,1000,2024,barenco_tof_3,0,orbit,1,0,identity,True,4,14.0,True,14,-14.0,0.4502885341644287,22 162 161 160 159 16 91 21 4 19 0 87 75 71,22 162 161 160 159 16 91 21 4 19 0 87 75 71,11101000;11000101;01000101;10000101;00000101;10001000;00111010;01101000;10100000;00101000;10000000;00011010;00110010;00010010
