checkpoint,checkpoint_step,train_seed,target,target_index,control,k,attempt,basis_id,is_conjugate,eval_seed,cost,solved,num_moves,sum_rewards,seconds,action_sequence,canonical_action_sequence,canonical_factor_sequence
results_sweep_20260628/checkpoints/mod_5_4/arm-scalar_mse/seed2026/checkpoint_target-mod_5_4_seed2026_step1000.pkl,1000,2026,mod_5_4,0,orbit,1,0,identity,True,0,8.0,True,8,-8.0,2.051485776901245,26 21 23 20 10 5 4 7,26 21 23 20 10 5 4 7,11011;01101;00011;10101;11010;01100;10100;00010
results_sweep_20260628/checkpoints/mod_5_4/arm-scalar_mse/seed2026/checkpoint_target-mod_5_4_seed2026_step1000.pkl,1000,2026,mod_5_4,0,orbit,1,0,identity,True,1,8.0,True,8,-8.0,0.18852567672729492,26 21 23 20 10 5 4 7,26 21 23 20 10 5 4 7,11011;01101;00011;10101;11010;01100;10100;00010
results_sweep_20260628/checkpoints/mod_5_4/arm-scalar_mse/seed2026/checkpoint_target-mod_5_4_seed2026_step1000.pkl,1000,2026,mod_5_4,0,orbit,1,0,identity,True,2,8.0,True,8,-8.0,0.18148374557495117,26 21 23 20 10 5 4 7,26 21 23 20 10 5 4 7,11011;01101;00011;10101;11010;01100;10100;00010
results_sweep_20260628/checkpoints/mod_5_4/arm-scalar_mse/seed2026/checkpoint_target-mod_5_4_seed2026_step1000.pkl,1000,2026,mod_5_4,0,orbit,1,0,identity,True,3,8.0,True,8,-8.0,0.17442560195922852,26 20 21 10 23 4 5 7,26 20 21 10 23 4 5 7,11011;10101;01101;11010;00011;10100;01100;00010
results_sweep_20260628/checkpoints/mod_5_4/arm-scalar_mse/seed2026/checkpoint_target-mod_5_4_seed2026_step1000.pkl,1000,2026,mod_5_4,0,orbit,1,0,identity,True,4,8.0,True,8,-8.0,0.17293262481689453,26 20 21 10 5 4 23 7,26 20 21 10 5 4 23 7,11011;10101;01101;11010;01100;10100;00011;00010
