checkpoint,checkpoint_step,train_seed,target,target_index,control,k,attempt,basis_id,is_conjugate,eval_seed,cost,solved,num_moves,sum_rewards,seconds,action_sequence,canonical_action_sequence,canonical_factor_sequence
results_sweep_20260628/checkpoints/mod_5_4/arm-scalar_mse/seed2024/checkpoint_target-mod_5_4_seed2024_step1000.pkl,1000,2024,mod_5_4,0,orbit,1,0,identity,True,0,8.0,True,8,-8.0,1.999342679977417,26 21 20 10 5 23 4 7,26 21 20 10 5 23 4 7,11011;01101;10101;11010;01100;00011;10100;00010
results_sweep_20260628/checkpoints/mod_5_4/arm-scalar_mse/seed2024/checkpoint_target-mod_5_4_seed2024_step1000.pkl,1000,2024,mod_5_4,0,orbit,1,0,identity,True,1,8.0,True,8,-8.0,0.17514514923095703,26 21 20 10 5 23 4 7,26 21 20 10 5 23 4 7,11011;01101;10101;11010;01100;00011;10100;00010
results_sweep_20260628/checkpoints/mod_5_4/arm-scalar_mse/seed2024/checkpoint_target-mod_5_4_seed2024_step1000.pkl,1000,2024,mod_5_4,0,orbit,1,0,identity,True,2,8.0,True,8,-8.0,0.17376351356506348,26 21 10 20 4 5 23 7,26 21 10 20 4 5 23 7,11011;01101;11010;10101;10100;01100;00011;00010
results_sweep_20260628/checkpoints/mod_5_4/arm-scalar_mse/seed2024/checkpoint_target-mod_5_4_seed2024_step1000.pkl,1000,2024,mod_5_4,0,orbit,1,0,identity,True,3,8.0,True,8,-8.0,0.1725139617919922,26 21 20 10 5 23 4 7,26 21 20 10 5 23 4 7,11011;01101;10101;11010;01100;00011;10100;00010
results_sweep_20260628/checkpoints/mod_5_4/arm-scalar_mse/seed2024/checkpoint_target-mod_5_4_seed2024_step1000.pkl,1000,2024,mod_5_4,0,orbit,1,0,identity,True,4,8.0,True,8,-8.0,0.17525124549865723,26 21 20 10 5 23 4 7,26 21 20 10 5 23 4 7,11011;01101;10101;11010;01100;00011;10100;00010
