checkpoint,checkpoint_step,train_seed,target,target_index,control,k,attempt,basis_id,is_conjugate,eval_seed,cost,solved,num_moves,sum_rewards,seconds,action_sequence,canonical_action_sequence,canonical_factor_sequence
results_harden_dsw_d05_2028/checkpoints/barenco_tof_3/arm-scalar_huber_d0.5/seed2028/checkpoint_target-barenco_tof_3_seed2028_step1000.pkl,1000,2028,barenco_tof_3,0,orbit,1,0,identity,True,0,14.0,True,14,-14.0,8.773591995239258,162 160 161 159 22 16 4 91 87 75 21 71 19 0,162 160 161 159 22 16 4 91 87 75 21 71 19 0,11000101;10000101;01000101;00000101;11101000;10001000;10100000;00111010;00011010;00110010;01101000;00010010;00101000;10000000
results_harden_dsw_d05_2028/checkpoints/barenco_tof_3/arm-scalar_huber_d0.5/seed2028/checkpoint_target-barenco_tof_3_seed2028_step1000.pkl,1000,2028,barenco_tof_3,0,orbit,1,0,identity,True,1,14.0,True,14,-14.0,0.44989466667175293,162 160 161 159 22 4 91 87 75 71 21 16 19 0,162 160 161 159 22 4 91 87 75 71 21 16 19 0,11000101;10000101;01000101;00000101;11101000;10100000;00111010;00011010;00110010;00010010;01101000;10001000;00101000;10000000
results_harden_dsw_d05_2028/checkpoints/barenco_tof_3/arm-scalar_huber_d0.5/seed2028/checkpoint_target-barenco_tof_3_seed2028_step1000.pkl,1000,2028,barenco_tof_3,0,orbit,1,0,identity,True,2,14.0,True,14,-14.0,0.44841623306274414,162 160 161 159 22 16 4 91 87 75 21 71 19 0,162 160 161 159 22 16 4 91 87 75 21 71 19 0,11000101;10000101;01000101;00000101;11101000;10001000;10100000;00111010;00011010;00110010;01101000;00010010;00101000;10000000
results_harden_dsw_d05_2028/checkpoints/barenco_tof_3/arm-scalar_huber_d0.5/seed2028/checkpoint_target-barenco_tof_3_seed2028_step1000.pkl,1000,2028,barenco_tof_3,0,orbit,1,0,identity,True,3,14.0,True,14,-14.0,0.4536004066467285,162 160 161 159 22 4 91 87 75 71 21 16 19 0,162 160 161 159 22 4 91 87 75 71 21 16 19 0,11000101;10000101;01000101;00000101;11101000;10100000;00111010;00011010;00110010;00010010;01101000;10001000;00101000;10000000
results_harden_dsw_d05_2028/checkpoints/barenco_tof_3/arm-scalar_huber_d0.5/seed2028/checkpoint_target-barenco_tof_3_seed2028_step1000.pkl,1000,2028,barenco_tof_3,0,orbit,1,0,identity,True,4,14.0,True,14,-14.0,0.4633328914642334,162 160 161 159 22 4 91 87 75 71 21 16 19 0,162 160 161 159 22 4 91 87 75 71 21 16 19 0,11000101;10000101;01000101;00000101;11101000;10100000;00111010;00011010;00110010;00010010;01101000;10001000;00101000;10000000
