checkpoint,checkpoint_step,train_seed,target,target_index,control,k,attempt,basis_id,is_conjugate,eval_seed,cost,solved,num_moves,sum_rewards,seconds,action_sequence,canonical_action_sequence,canonical_factor_sequence
results_harden_symlog_cuc_2025/checkpoints/cuccaro_adder_n3/arm-scalar_mse/seed2025/checkpoint_target-cuccaro_adder_n3_seed2025_step1000.pkl,1000,2025,cuccaro_adder_n3,0,orbit,1,0,identity,True,0,14.0,True,14,-14.0,4.676074266433716,53 21 111 79 141 139 137 135 37 69 67 5 65 95,53 21 111 79 141 139 137 135 37 69 67 5 65 95,01101100;01101000;00001110;00001010;01110001;00110001;01010001;00010001;01100100;01100010;00100010;01100000;01000010;00000110
results_harden_symlog_cuc_2025/checkpoints/cuccaro_adder_n3/arm-scalar_mse/seed2025/checkpoint_target-cuccaro_adder_n3_seed2025_step1000.pkl,1000,2025,cuccaro_adder_n3,0,orbit,1,0,identity,True,1,14.0,True,14,-14.0,0.30423593521118164,53 21 111 79 141 139 137 135 37 69 67 5 65 95,53 21 111 79 141 139 137 135 37 69 67 5 65 95,01101100;01101000;00001110;00001010;01110001;00110001;01010001;00010001;01100100;01100010;00100010;01100000;01000010;00000110
results_harden_symlog_cuc_2025/checkpoints/cuccaro_adder_n3/arm-scalar_mse/seed2025/checkpoint_target-cuccaro_adder_n3_seed2025_step1000.pkl,1000,2025,cuccaro_adder_n3,0,orbit,1,0,identity,True,2,14.0,True,14,-14.0,0.30629801750183105,53 21 111 79 141 139 137 135 37 69 67 5 65 95,53 21 111 79 141 139 137 135 37 69 67 5 65 95,01101100;01101000;00001110;00001010;01110001;00110001;01010001;00010001;01100100;01100010;00100010;01100000;01000010;00000110
results_harden_symlog_cuc_2025/checkpoints/cuccaro_adder_n3/arm-scalar_mse/seed2025/checkpoint_target-cuccaro_adder_n3_seed2025_step1000.pkl,1000,2025,cuccaro_adder_n3,0,orbit,1,0,identity,True,3,14.0,True,14,-14.0,0.30804014205932617,53 21 111 79 141 139 137 135 37 69 67 5 65 95,53 21 111 79 141 139 137 135 37 69 67 5 65 95,01101100;01101000;00001110;00001010;01110001;00110001;01010001;00010001;01100100;01100010;00100010;01100000;01000010;00000110
results_harden_symlog_cuc_2025/checkpoints/cuccaro_adder_n3/arm-scalar_mse/seed2025/checkpoint_target-cuccaro_adder_n3_seed2025_step1000.pkl,1000,2025,cuccaro_adder_n3,0,orbit,1,0,identity,True,4,14.0,True,14,-14.0,0.3135340213775635,53 21 111 79 141 139 137 135 37 69 67 5 65 95,53 21 111 79 141 139 137 135 37 69 67 5 65 95,01101100;01101000;00001110;00001010;01110001;00110001;01010001;00010001;01100100;01100010;00100010;01100000;01000010;00000110
