checkpoint,checkpoint_step,train_seed,target,target_index,control,k,attempt,basis_id,is_conjugate,eval_seed,cost,solved,num_moves,sum_rewards,seconds,action_sequence,canonical_action_sequence,canonical_factor_sequence
results_a2_value_controls_20260626_163106/checkpoints/barenco_tof_3/arm-quantile_q075/seed2026/checkpoint_target-barenco_toff_3_seed2026_step1000.pkl,1000,2026,barenco_toff_3,0,orbit,1,0,identity,True,0,14.0,True,14,-14.0,3.05837345123291,162 91 75 22 161 160 87 21 159 71 4 19 0 16,162 91 75 22 161 160 87 21 159 71 4 19 0 16,11000101;00111010;00110010;11101000;01000101;10000101;00011010;01101000;00000101;00010010;10100000;00101000;10000000;10001000
results_a2_value_controls_20260626_163106/checkpoints/barenco_tof_3/arm-quantile_q075/seed2026/checkpoint_target-barenco_toff_3_seed2026_step1000.pkl,1000,2026,barenco_toff_3,0,orbit,1,0,identity,True,1,14.0,True,14,-14.0,1.1532106399536133,162 91 75 161 22 160 87 159 21 4 71 16 19 0,162 91 75 161 22 160 87 159 21 4 71 16 19 0,11000101;00111010;00110010;01000101;11101000;10000101;00011010;00000101;01101000;10100000;00010010;10001000;00101000;10000000
results_a2_value_controls_20260626_163106/checkpoints/barenco_tof_3/arm-quantile_q075/seed2026/checkpoint_target-barenco_toff_3_seed2026_step1000.pkl,1000,2026,barenco_toff_3,0,orbit,1,0,identity,True,2,14.0,True,14,-14.0,1.0817070007324219,162 91 75 161 22 160 87 159 21 4 71 16 19 0,162 91 75 161 22 160 87 159 21 4 71 16 19 0,11000101;00111010;00110010;01000101;11101000;10000101;00011010;00000101;01101000;10100000;00010010;10001000;00101000;10000000
results_a2_value_controls_20260626_163106/checkpoints/barenco_tof_3/arm-quantile_q075/seed2026/checkpoint_target-barenco_toff_3_seed2026_step1000.pkl,1000,2026,barenco_toff_3,0,orbit,1,0,identity,True,3,14.0,True,14,-14.0,1.1253104209899902,162 91 75 22 161 160 87 21 159 71 4 19 16 0,162 91 75 22 161 160 87 21 159 71 4 19 16 0,11000101;00111010;00110010;11101000;01000101;10000101;00011010;01101000;00000101;00010010;10100000;00101000;10001000;10000000
results_a2_value_controls_20260626_163106/checkpoints/barenco_tof_3/arm-quantile_q075/seed2026/checkpoint_target-barenco_toff_3_seed2026_step1000.pkl,1000,2026,barenco_toff_3,0,orbit,1,0,identity,True,4,14.0,True,14,-14.0,1.0749926567077637,162 91 75 161 22 160 87 159 21 4 71 16 19 0,162 91 75 161 22 160 87 159 21 4 71 16 19 0,11000101;00111010;00110010;01000101;11101000;10000101;00011010;00000101;01101000;10100000;00010010;10001000;00101000;10000000
