checkpoint,checkpoint_step,train_seed,target,target_index,control,k,attempt,basis_id,is_conjugate,eval_seed,cost,solved,num_moves,sum_rewards,seconds,action_sequence,canonical_action_sequence,canonical_factor_sequence
results_a2_value_controls_20260626_163106/checkpoints/barenco_tof_3/arm-quantile_q075/seed2025/checkpoint_target-barenco_toff_3_seed2025_step1000.pkl,1000,2025,barenco_toff_3,0,orbit,1,0,identity,True,0,14.0,True,14,-14.0,3.5087618827819824,162 22 91 87 21 75 160 161 159 71 4 19 16 0,162 22 91 87 21 75 160 161 159 71 4 19 16 0,11000101;11101000;00111010;00011010;01101000;00110010;10000101;01000101;00000101;00010010;10100000;00101000;10001000;10000000
results_a2_value_controls_20260626_163106/checkpoints/barenco_tof_3/arm-quantile_q075/seed2025/checkpoint_target-barenco_toff_3_seed2025_step1000.pkl,1000,2025,barenco_toff_3,0,orbit,1,0,identity,True,1,14.0,True,14,-14.0,1.621927261352539,162 22 91 21 87 75 160 161 159 71 4 19 16 0,162 22 91 21 87 75 160 161 159 71 4 19 16 0,11000101;11101000;00111010;01101000;00011010;00110010;10000101;01000101;00000101;00010010;10100000;00101000;10001000;10000000
results_a2_value_controls_20260626_163106/checkpoints/barenco_tof_3/arm-quantile_q075/seed2025/checkpoint_target-barenco_toff_3_seed2025_step1000.pkl,1000,2025,barenco_toff_3,0,orbit,1,0,identity,True,2,14.0,True,14,-14.0,1.6093330383300781,162 22 91 87 21 75 160 161 159 71 4 16 19 0,162 22 91 87 21 75 160 161 159 71 4 16 19 0,11000101;11101000;00111010;00011010;01101000;00110010;10000101;01000101;00000101;00010010;10100000;10001000;00101000;10000000
results_a2_value_controls_20260626_163106/checkpoints/barenco_tof_3/arm-quantile_q075/seed2025/checkpoint_target-barenco_toff_3_seed2025_step1000.pkl,1000,2025,barenco_toff_3,0,orbit,1,0,identity,True,3,14.0,True,14,-14.0,1.6193702220916748,162 22 91 21 87 75 160 161 71 159 16 19 4 0,162 22 91 21 87 75 160 161 71 159 16 19 4 0,11000101;11101000;00111010;01101000;00011010;00110010;10000101;01000101;00010010;00000101;10001000;00101000;10100000;10000000
results_a2_value_controls_20260626_163106/checkpoints/barenco_tof_3/arm-quantile_q075/seed2025/checkpoint_target-barenco_toff_3_seed2025_step1000.pkl,1000,2025,barenco_toff_3,0,orbit,1,0,identity,True,4,14.0,True,14,-14.0,1.5182507038116455,162 22 91 87 21 75 160 161 71 159 4 19 16 0,162 22 91 87 21 75 160 161 71 159 4 19 16 0,11000101;11101000;00111010;00011010;01101000;00110010;10000101;01000101;00010010;00000101;10100000;00101000;10001000;10000000
