checkpoint,checkpoint_step,train_seed,target,target_index,control,k,attempt,basis_id,is_conjugate,eval_seed,cost,solved,num_moves,sum_rewards,seconds,action_sequence,canonical_action_sequence,canonical_factor_sequence
results_a2_value_controls_20260626_163106/checkpoints/barenco_tof_3/arm-quantile_q075/seed2027/checkpoint_target-barenco_toff_3_seed2027_step1000.pkl,1000,2027,barenco_toff_3,0,orbit,1,0,identity,True,0,14.0,True,14,-14.0,3.627119541168213,22 162 91 4 16 160 161 21 87 75 159 19 0 71,22 162 91 4 16 160 161 21 87 75 159 19 0 71,11101000;11000101;00111010;10100000;10001000;10000101;01000101;01101000;00011010;00110010;00000101;00101000;10000000;00010010
results_a2_value_controls_20260626_163106/checkpoints/barenco_tof_3/arm-quantile_q075/seed2027/checkpoint_target-barenco_toff_3_seed2027_step1000.pkl,1000,2027,barenco_toff_3,0,orbit,1,0,identity,True,1,14.0,True,14,-14.0,1.6479647159576416,22 162 91 4 16 160 161 21 87 75 159 71 19 0,22 162 91 4 16 160 161 21 87 75 159 71 19 0,11101000;11000101;00111010;10100000;10001000;10000101;01000101;01101000;00011010;00110010;00000101;00010010;00101000;10000000
results_a2_value_controls_20260626_163106/checkpoints/barenco_tof_3/arm-quantile_q075/seed2027/checkpoint_target-barenco_toff_3_seed2027_step1000.pkl,1000,2027,barenco_toff_3,0,orbit,1,0,identity,True,2,14.0,True,14,-14.0,1.6732025146484375,22 162 91 4 16 160 161 21 87 75 159 71 19 0,22 162 91 4 16 160 161 21 87 75 159 71 19 0,11101000;11000101;00111010;10100000;10001000;10000101;01000101;01101000;00011010;00110010;00000101;00010010;00101000;10000000
results_a2_value_controls_20260626_163106/checkpoints/barenco_tof_3/arm-quantile_q075/seed2027/checkpoint_target-barenco_toff_3_seed2027_step1000.pkl,1000,2027,barenco_toff_3,0,orbit,1,0,identity,True,3,14.0,True,14,-14.0,1.5524108409881592,22 162 91 4 16 160 161 21 87 75 159 71 19 0,22 162 91 4 16 160 161 21 87 75 159 71 19 0,11101000;11000101;00111010;10100000;10001000;10000101;01000101;01101000;00011010;00110010;00000101;00010010;00101000;10000000
results_a2_value_controls_20260626_163106/checkpoints/barenco_tof_3/arm-quantile_q075/seed2027/checkpoint_target-barenco_toff_3_seed2027_step1000.pkl,1000,2027,barenco_toff_3,0,orbit,1,0,identity,True,4,14.0,True,14,-14.0,1.7485754489898682,22 162 91 4 16 160 161 21 87 75 159 71 19 0,22 162 91 4 16 160 161 21 87 75 159 71 19 0,11101000;11000101;00111010;10100000;10001000;10000101;01000101;01101000;00011010;00110010;00000101;00010010;00101000;10000000
