checkpoint,checkpoint_step,train_seed,target,target_index,control,k,attempt,basis_id,is_conjugate,eval_seed,cost,solved,num_moves,sum_rewards,seconds,action_sequence,canonical_action_sequence,canonical_factor_sequence
results_scalar_mse_symlog_barenco3/checkpoints/scalar_mse_symlog/seed_2026/checkpoint_target-barenco_toff_3_seed2026_step1000.pkl,1000,2026,barenco_toff_3,0,orbit,1,0,identity,True,0,14.0,True,14,-14.0,1.8581879138946533,178 176 177 175 91 20 6 5 75 87 71 16 0 3,178 176 177 175 91 20 6 5 75 87 71 16 0 3,11001101;10001101;01001101;00001101;00111010;10101000;11100000;01100000;00110010;00011010;00010010;10001000;10000000;00100000
results_scalar_mse_symlog_barenco3/checkpoints/scalar_mse_symlog/seed_2026/checkpoint_target-barenco_toff_3_seed2026_step1000.pkl,1000,2026,barenco_toff_3,0,orbit,1,0,identity,True,1,14.0,True,14,-14.0,0.45731091499328613,178 176 177 175 91 20 6 5 75 87 71 16 0 3,178 176 177 175 91 20 6 5 75 87 71 16 0 3,11001101;10001101;01001101;00001101;00111010;10101000;11100000;01100000;00110010;00011010;00010010;10001000;10000000;00100000
results_scalar_mse_symlog_barenco3/checkpoints/scalar_mse_symlog/seed_2026/checkpoint_target-barenco_toff_3_seed2026_step1000.pkl,1000,2026,barenco_toff_3,0,orbit,1,0,identity,True,2,14.0,True,14,-14.0,0.4449939727783203,178 176 177 175 91 20 6 5 75 87 71 16 0 3,178 176 177 175 91 20 6 5 75 87 71 16 0 3,11001101;10001101;01001101;00001101;00111010;10101000;11100000;01100000;00110010;00011010;00010010;10001000;10000000;00100000
results_scalar_mse_symlog_barenco3/checkpoints/scalar_mse_symlog/seed_2026/checkpoint_target-barenco_toff_3_seed2026_step1000.pkl,1000,2026,barenco_toff_3,0,orbit,1,0,identity,True,3,14.0,True,14,-14.0,0.45828723907470703,178 176 177 175 91 20 6 5 75 87 71 16 0 3,178 176 177 175 91 20 6 5 75 87 71 16 0 3,11001101;10001101;01001101;00001101;00111010;10101000;11100000;01100000;00110010;00011010;00010010;10001000;10000000;00100000
results_scalar_mse_symlog_barenco3/checkpoints/scalar_mse_symlog/seed_2026/checkpoint_target-barenco_toff_3_seed2026_step1000.pkl,1000,2026,barenco_toff_3,0,orbit,1,0,identity,True,4,14.0,True,14,-14.0,0.4586949348449707,178 176 177 175 91 20 6 5 75 87 71 16 3 0,178 176 177 175 91 20 6 5 75 87 71 16 3 0,11001101;10001101;01001101;00001101;00111010;10101000;11100000;01100000;00110010;00011010;00010010;10001000;00100000;10000000
