checkpoint,checkpoint_step,train_seed,target,target_index,control,k,attempt,basis_id,is_conjugate,eval_seed,cost,solved,num_moves,sum_rewards,seconds,action_sequence,canonical_action_sequence,canonical_factor_sequence
results_a2_generality_nc3_20260627/checkpoints/nc_toff_3/arm-scalar_huber_d1/seed2024/checkpoint_target-nc_toff_3_seed2024_step1000.pkl,1000,2024,nc_toff_3,0,orbit,1,0,identity,True,0,17.0,True,17,-17.0,6.30390191078186,66 30 43 80 65 21 25 39 79 17 4 8 7 35 31 0 3,66 30 43 80 65 21 25 39 79 17 4 8 7 35 31 0 3,1100001;1111100;0011010;1000101;0100001;0110100;0101100;0001010;0000101;0100100;1010000;1001000;0001000;0010010;0000010;1000000;0010000
results_a2_generality_nc3_20260627/checkpoints/nc_toff_3/arm-scalar_huber_d1/seed2024/checkpoint_target-nc_toff_3_seed2024_step1000.pkl,1000,2024,nc_toff_3,0,orbit,1,0,identity,True,1,14.0,True,14,-14.0,1.1201307773590088,66 30 80 65 21 25 44 79 36 17 12 40 11 32,66 30 80 65 21 25 44 79 36 17 12 40 11 32,1100001;1111100;1000101;0100001;0110100;0101100;1011010;0000101;1010010;0100100;1011000;1001010;0011000;1000010
results_a2_generality_nc3_20260627/checkpoints/nc_toff_3/arm-scalar_huber_d1/seed2024/checkpoint_target-nc_toff_3_seed2024_step1000.pkl,1000,2024,nc_toff_3,0,orbit,1,0,identity,True,2,14.0,True,14,-14.0,1.0695881843566895,66 30 80 65 21 25 44 79 36 17 12 40 11 32,66 30 80 65 21 25 44 79 36 17 12 40 11 32,1100001;1111100;1000101;0100001;0110100;0101100;1011010;0000101;1010010;0100100;1011000;1001010;0011000;1000010
results_a2_generality_nc3_20260627/checkpoints/nc_toff_3/arm-scalar_huber_d1/seed2024/checkpoint_target-nc_toff_3_seed2024_step1000.pkl,1000,2024,nc_toff_3,0,orbit,1,0,identity,True,3,14.0,True,14,-14.0,1.1132619380950928,66 30 80 65 21 25 44 79 36 17 12 40 11 32,66 30 80 65 21 25 44 79 36 17 12 40 11 32,1100001;1111100;1000101;0100001;0110100;0101100;1011010;0000101;1010010;0100100;1011000;1001010;0011000;1000010
results_a2_generality_nc3_20260627/checkpoints/nc_toff_3/arm-scalar_huber_d1/seed2024/checkpoint_target-nc_toff_3_seed2024_step1000.pkl,1000,2024,nc_toff_3,0,orbit,1,0,identity,True,4,14.0,True,14,-14.0,1.0729396343231201,66 30 80 65 21 25 44 79 36 17 12 40 11 32,66 30 80 65 21 25 44 79 36 17 12 40 11 32,1100001;1111100;1000101;0100001;0110100;0101100;1011010;0000101;1010010;0100100;1011000;1001010;0011000;1000010
