checkpoint,checkpoint_step,train_seed,target,target_index,control,k,attempt,basis_id,is_conjugate,eval_seed,cost,solved,num_moves,sum_rewards,seconds,action_sequence,canonical_action_sequence,canonical_factor_sequence
results_a2_generality_nc3_20260627/checkpoints/nc_toff_3/arm-quantile_risk_neutral/seed2024/checkpoint_target-nc_toff_3_seed2024_step1000.pkl,1000,2024,nc_toff_3,0,orbit,1,0,identity,True,0,14.0,True,14,-14.0,8.673419713973999,86 85 45 37 28 10 20 41 33 23 68 16 9 67,86 85 45 37 28 10 20 41 33 23 68 16 9 67,1110101;0110101;0111010;0110010;1011100;1101000;1010100;0101010;0100010;0001100;1010001;1000100;0101000;0010001
results_a2_generality_nc3_20260627/checkpoints/nc_toff_3/arm-quantile_risk_neutral/seed2024/checkpoint_target-nc_toff_3_seed2024_step1000.pkl,1000,2024,nc_toff_3,0,orbit,1,0,identity,True,1,14.0,True,14,-14.0,1.8044164180755615,86 85 45 37 28 10 20 41 33 23 68 9 16 67,86 85 45 37 28 10 20 41 33 23 68 9 16 67,1110101;0110101;0111010;0110010;1011100;1101000;1010100;0101010;0100010;0001100;1010001;0101000;1000100;0010001
results_a2_generality_nc3_20260627/checkpoints/nc_toff_3/arm-quantile_risk_neutral/seed2024/checkpoint_target-nc_toff_3_seed2024_step1000.pkl,1000,2024,nc_toff_3,0,orbit,1,0,identity,True,2,14.0,True,14,-14.0,1.768434762954712,86 85 45 37 28 10 20 41 33 23 68 16 9 67,86 85 45 37 28 10 20 41 33 23 68 16 9 67,1110101;0110101;0111010;0110010;1011100;1101000;1010100;0101010;0100010;0001100;1010001;1000100;0101000;0010001
results_a2_generality_nc3_20260627/checkpoints/nc_toff_3/arm-quantile_risk_neutral/seed2024/checkpoint_target-nc_toff_3_seed2024_step1000.pkl,1000,2024,nc_toff_3,0,orbit,1,0,identity,True,3,14.0,True,14,-14.0,1.7865617275238037,86 85 45 37 28 10 20 41 33 23 16 9 68 67,86 85 45 37 28 10 20 41 33 23 16 9 68 67,1110101;0110101;0111010;0110010;1011100;1101000;1010100;0101010;0100010;0001100;1000100;0101000;1010001;0010001
results_a2_generality_nc3_20260627/checkpoints/nc_toff_3/arm-quantile_risk_neutral/seed2024/checkpoint_target-nc_toff_3_seed2024_step1000.pkl,1000,2024,nc_toff_3,0,orbit,1,0,identity,True,4,14.0,True,14,-14.0,1.773650884628296,86 85 45 37 28 10 20 41 33 23 9 68 16 67,86 85 45 37 28 10 20 41 33 23 9 68 16 67,1110101;0110101;0111010;0110010;1011100;1101000;1010100;0101010;0100010;0001100;0101000;1010001;1000100;0010001
