checkpoint,checkpoint_step,train_seed,target,target_index,control,k,attempt,basis_id,is_conjugate,eval_seed,cost,solved,num_moves,sum_rewards,seconds,action_sequence,canonical_action_sequence,canonical_factor_sequence
results_a2_generality_nc3_20260627/checkpoints/nc_toff_3/arm-quantile_q075/seed2026/checkpoint_target-nc_toff_3_seed2026_step1000.pkl,1000,2026,nc_toff_3,0,orbit,1,0,identity,True,0,17.0,True,17,-17.0,6.250287294387817,30 25 8 66 4 21 80 65 79 17 35 0 39 7 43 31 3,30 25 8 66 4 21 80 65 79 17 35 0 39 7 43 31 3,1111100;0101100;1001000;1100001;1010000;0110100;1000101;0100001;0000101;0100100;0010010;1000000;0001010;0001000;0011010;0000010;0010000
results_a2_generality_nc3_20260627/checkpoints/nc_toff_3/arm-quantile_q075/seed2026/checkpoint_target-nc_toff_3_seed2026_step1000.pkl,1000,2026,nc_toff_3,0,orbit,1,0,identity,True,1,17.0,True,17,-17.0,1.3709301948547363,30 25 80 66 65 21 79 17 8 4 35 0 39 3 43 31 7,30 25 80 66 65 21 79 17 8 4 35 0 39 3 43 31 7,1111100;0101100;1000101;1100001;0100001;0110100;0000101;0100100;1001000;1010000;0010010;1000000;0001010;0010000;0011010;0000010;0001000
results_a2_generality_nc3_20260627/checkpoints/nc_toff_3/arm-quantile_q075/seed2026/checkpoint_target-nc_toff_3_seed2026_step1000.pkl,1000,2026,nc_toff_3,0,orbit,1,0,identity,True,2,17.0,True,17,-17.0,1.292107343673706,30 25 80 66 65 21 17 79 8 4 0 35 43 3 39 31 7,30 25 80 66 65 21 17 79 8 4 0 35 43 3 39 31 7,1111100;0101100;1000101;1100001;0100001;0110100;0100100;0000101;1001000;1010000;1000000;0010010;0011010;0010000;0001010;0000010;0001000
results_a2_generality_nc3_20260627/checkpoints/nc_toff_3/arm-quantile_q075/seed2026/checkpoint_target-nc_toff_3_seed2026_step1000.pkl,1000,2026,nc_toff_3,0,orbit,1,0,identity,True,3,17.0,True,17,-17.0,1.2584576606750488,30 25 80 66 65 21 17 79 8 4 0 35 43 3 31 39 7,30 25 80 66 65 21 17 79 8 4 0 35 43 3 31 39 7,1111100;0101100;1000101;1100001;0100001;0110100;0100100;0000101;1001000;1010000;1000000;0010010;0011010;0010000;0000010;0001010;0001000
results_a2_generality_nc3_20260627/checkpoints/nc_toff_3/arm-quantile_q075/seed2026/checkpoint_target-nc_toff_3_seed2026_step1000.pkl,1000,2026,nc_toff_3,0,orbit,1,0,identity,True,4,17.0,True,17,-17.0,1.36820387840271,30 25 80 66 65 21 79 17 8 4 0 35 39 3 43 31 7,30 25 80 66 65 21 79 17 8 4 0 35 39 3 43 31 7,1111100;0101100;1000101;1100001;0100001;0110100;0000101;0100100;1001000;1010000;1000000;0010010;0001010;0010000;0011010;0000010;0001000
