checkpoint,checkpoint_step,train_seed,target,target_index,control,k,attempt,basis_id,is_conjugate,eval_seed,cost,solved,num_moves,sum_rewards,seconds,action_sequence,canonical_action_sequence,canonical_factor_sequence
results_a2_generality_nc3_20260627/checkpoints/nc_toff_3/arm-quantile_risk_neutral/seed2026/checkpoint_target-nc_toff_3_seed2026_step1000.pkl,1000,2026,nc_toff_3,0,orbit,1,0,identity,True,0,14.0,True,14,-14.0,2.2451865673065186,86 85 68 14 24 6 59 51 2 55 67 47 23 9,86 85 68 14 24 6 59 51 2 55 67 47 23 9,1110101;0110101;1010001;1111000;1001100;1110000;0011110;0010110;1100000;0001110;0010001;0000110;0001100;0101000
results_a2_generality_nc3_20260627/checkpoints/nc_toff_3/arm-quantile_risk_neutral/seed2026/checkpoint_target-nc_toff_3_seed2026_step1000.pkl,1000,2026,nc_toff_3,0,orbit,1,0,identity,True,1,17.0,True,17,-17.0,0.3865480422973633,43 80 66 65 30 21 25 79 17 8 39 7 35 31 4 0 3,43 80 66 65 30 21 25 79 17 8 39 7 35 31 4 0 3,0011010;1000101;1100001;0100001;1111100;0110100;0101100;0000101;0100100;1001000;0001010;0001000;0010010;0000010;1010000;1000000;0010000
results_a2_generality_nc3_20260627/checkpoints/nc_toff_3/arm-quantile_risk_neutral/seed2026/checkpoint_target-nc_toff_3_seed2026_step1000.pkl,1000,2026,nc_toff_3,0,orbit,1,0,identity,True,2,14.0,True,14,-14.0,0.3122444152832031,86 85 68 59 14 6 51 67 2 9 55 47 24 23,86 85 68 59 14 6 51 67 2 9 55 47 24 23,1110101;0110101;1010001;0011110;1111000;1110000;0010110;0010001;1100000;0101000;0001110;0000110;1001100;0001100
results_a2_generality_nc3_20260627/checkpoints/nc_toff_3/arm-quantile_risk_neutral/seed2026/checkpoint_target-nc_toff_3_seed2026_step1000.pkl,1000,2026,nc_toff_3,0,orbit,1,0,identity,True,3,14.0,True,14,-14.0,0.3207390308380127,86 85 68 59 14 6 51 67 2 9 47 24 23 55,86 85 68 59 14 6 51 67 2 9 47 24 23 55,1110101;0110101;1010001;0011110;1111000;1110000;0010110;0010001;1100000;0101000;0000110;1001100;0001100;0001110
results_a2_generality_nc3_20260627/checkpoints/nc_toff_3/arm-quantile_risk_neutral/seed2026/checkpoint_target-nc_toff_3_seed2026_step1000.pkl,1000,2026,nc_toff_3,0,orbit,1,0,identity,True,4,14.0,True,14,-14.0,0.312166690826416,86 85 68 59 14 6 51 67 2 47 9 24 23 55,86 85 68 59 14 6 51 67 2 47 9 24 23 55,1110101;0110101;1010001;0011110;1111000;1110000;0010110;0010001;1100000;0000110;0101000;1001100;0001100;0001110
