checkpoint,checkpoint_step,train_seed,target,target_index,control,k,attempt,basis_id,is_conjugate,eval_seed,cost,solved,num_moves,sum_rewards,seconds,action_sequence,canonical_action_sequence,canonical_factor_sequence
results_a2_generality_nc3_20260627/checkpoints/nc_toff_3/arm-quantile_q075/seed2025/checkpoint_target-nc_toff_3_seed2025_step1000.pkl,1000,2025,nc_toff_3,0,orbit,1,0,identity,True,0,14.0,True,14,-14.0,5.317725658416748,29 43 66 26 22 35 12 80 79 65 18 39 31 11,29 43 66 26 22 35 12 80 79 65 18 39 31 11,0111100;0011010;1100001;1101100;1110100;0010010;1011000;1000101;0000101;0100001;1100100;0001010;0000010;0011000
results_a2_generality_nc3_20260627/checkpoints/nc_toff_3/arm-quantile_q075/seed2025/checkpoint_target-nc_toff_3_seed2025_step1000.pkl,1000,2025,nc_toff_3,0,orbit,1,0,identity,True,1,14.0,True,14,-14.0,2.5206644535064697,29 43 66 26 22 35 12 80 79 65 18 39 11 31,29 43 66 26 22 35 12 80 79 65 18 39 11 31,0111100;0011010;1100001;1101100;1110100;0010010;1011000;1000101;0000101;0100001;1100100;0001010;0011000;0000010
results_a2_generality_nc3_20260627/checkpoints/nc_toff_3/arm-quantile_q075/seed2025/checkpoint_target-nc_toff_3_seed2025_step1000.pkl,1000,2025,nc_toff_3,0,orbit,1,0,identity,True,2,14.0,True,14,-14.0,2.5602951049804688,29 43 66 26 22 35 12 80 79 65 18 39 11 31,29 43 66 26 22 35 12 80 79 65 18 39 11 31,0111100;0011010;1100001;1101100;1110100;0010010;1011000;1000101;0000101;0100001;1100100;0001010;0011000;0000010
results_a2_generality_nc3_20260627/checkpoints/nc_toff_3/arm-quantile_q075/seed2025/checkpoint_target-nc_toff_3_seed2025_step1000.pkl,1000,2025,nc_toff_3,0,orbit,1,0,identity,True,3,14.0,True,14,-14.0,2.4848086833953857,29 43 66 26 22 35 12 80 79 65 18 39 11 31,29 43 66 26 22 35 12 80 79 65 18 39 11 31,0111100;0011010;1100001;1101100;1110100;0010010;1011000;1000101;0000101;0100001;1100100;0001010;0011000;0000010
results_a2_generality_nc3_20260627/checkpoints/nc_toff_3/arm-quantile_q075/seed2025/checkpoint_target-nc_toff_3_seed2025_step1000.pkl,1000,2025,nc_toff_3,0,orbit,1,0,identity,True,4,14.0,True,14,-14.0,2.6039962768554688,29 43 66 26 22 35 12 80 79 65 18 39 11 31,29 43 66 26 22 35 12 80 79 65 18 39 11 31,0111100;0011010;1100001;1101100;1110100;0010010;1011000;1000101;0000101;0100001;1100100;0001010;0011000;0000010
