checkpoint,checkpoint_step,train_seed,target,target_index,control,k,attempt,basis_id,is_conjugate,eval_seed,cost,solved,num_moves,sum_rewards,seconds,action_sequence,canonical_action_sequence,canonical_factor_sequence
results_a2_generality_nc3_20260627/checkpoints/nc_toff_3/arm-quantile_q075/seed2024/checkpoint_target-nc_toff_3_seed2024_step1000.pkl,1000,2024,nc_toff_3,0,orbit,1,0,identity,True,0,14.0,True,14,-14.0,9.419723510742188,90 59 89 51 55 47 14 20 19 5 72 10 71 2,90 59 89 51 55 47 14 20 19 5 72 10 71 2,1101101;0011110;0101101;0010110;0001110;0000110;1111000;1010100;0010100;0110000;1001001;1101000;0001001;1100000
results_a2_generality_nc3_20260627/checkpoints/nc_toff_3/arm-quantile_q075/seed2024/checkpoint_target-nc_toff_3_seed2024_step1000.pkl,1000,2024,nc_toff_3,0,orbit,1,0,identity,True,1,14.0,True,14,-14.0,2.582226514816284,90 59 89 51 55 47 14 20 19 72 5 10 71 2,90 59 89 51 55 47 14 20 19 72 5 10 71 2,1101101;0011110;0101101;0010110;0001110;0000110;1111000;1010100;0010100;1001001;0110000;1101000;0001001;1100000
results_a2_generality_nc3_20260627/checkpoints/nc_toff_3/arm-quantile_q075/seed2024/checkpoint_target-nc_toff_3_seed2024_step1000.pkl,1000,2024,nc_toff_3,0,orbit,1,0,identity,True,2,14.0,True,14,-14.0,2.4287452697753906,90 59 89 51 55 47 14 20 19 72 5 10 71 2,90 59 89 51 55 47 14 20 19 72 5 10 71 2,1101101;0011110;0101101;0010110;0001110;0000110;1111000;1010100;0010100;1001001;0110000;1101000;0001001;1100000
results_a2_generality_nc3_20260627/checkpoints/nc_toff_3/arm-quantile_q075/seed2024/checkpoint_target-nc_toff_3_seed2024_step1000.pkl,1000,2024,nc_toff_3,0,orbit,1,0,identity,True,3,14.0,True,14,-14.0,2.5303337574005127,90 59 89 51 55 47 14 20 19 5 72 10 71 2,90 59 89 51 55 47 14 20 19 5 72 10 71 2,1101101;0011110;0101101;0010110;0001110;0000110;1111000;1010100;0010100;0110000;1001001;1101000;0001001;1100000
results_a2_generality_nc3_20260627/checkpoints/nc_toff_3/arm-quantile_q075/seed2024/checkpoint_target-nc_toff_3_seed2024_step1000.pkl,1000,2024,nc_toff_3,0,orbit,1,0,identity,True,4,14.0,True,14,-14.0,2.4803590774536133,90 59 89 51 55 47 14 20 19 72 5 10 71 2,90 59 89 51 55 47 14 20 19 72 5 10 71 2,1101101;0011110;0101101;0010110;0001110;0000110;1111000;1010100;0010100;1001001;0110000;1101000;0001001;1100000
