checkpoint,checkpoint_step,train_seed,target,target_index,control,k,attempt,basis_id,is_conjugate,eval_seed,cost,solved,num_moves,sum_rewards,seconds,action_sequence,canonical_action_sequence,canonical_factor_sequence
results_a2_generality_nc3_20260627/checkpoints/nc_toff_3/arm-categorical_61/seed2025/checkpoint_target-nc_toff_3_seed2025_step1000.pkl,1000,2025,nc_toff_3,0,orbit,1,0,identity,True,0,14.0,True,14,-14.0,3.7944483757019043,46 86 27 85 68 38 67 34 42 10 9 24 15 19,46 86 27 85 68 38 67 34 42 10 9 24 15 19,1111010;1110101;0011100;0110101;1010001;1110010;0010001;1100010;1101010;1101000;0101000;1001100;0000100;0010100
results_a2_generality_nc3_20260627/checkpoints/nc_toff_3/arm-categorical_61/seed2025/checkpoint_target-nc_toff_3_seed2025_step1000.pkl,1000,2025,nc_toff_3,0,orbit,1,0,identity,True,1,14.0,True,14,-14.0,1.8146207332611084,46 86 27 85 68 38 67 34 42 10 9 24 15 19,46 86 27 85 68 38 67 34 42 10 9 24 15 19,1111010;1110101;0011100;0110101;1010001;1110010;0010001;1100010;1101010;1101000;0101000;1001100;0000100;0010100
results_a2_generality_nc3_20260627/checkpoints/nc_toff_3/arm-categorical_61/seed2025/checkpoint_target-nc_toff_3_seed2025_step1000.pkl,1000,2025,nc_toff_3,0,orbit,1,0,identity,True,2,14.0,True,14,-14.0,1.8692152500152588,46 86 27 85 68 38 67 34 42 10 9 24 15 19,46 86 27 85 68 38 67 34 42 10 9 24 15 19,1111010;1110101;0011100;0110101;1010001;1110010;0010001;1100010;1101010;1101000;0101000;1001100;0000100;0010100
results_a2_generality_nc3_20260627/checkpoints/nc_toff_3/arm-categorical_61/seed2025/checkpoint_target-nc_toff_3_seed2025_step1000.pkl,1000,2025,nc_toff_3,0,orbit,1,0,identity,True,3,14.0,True,14,-14.0,1.8045845031738281,46 86 27 85 68 38 67 34 42 10 9 24 15 19,46 86 27 85 68 38 67 34 42 10 9 24 15 19,1111010;1110101;0011100;0110101;1010001;1110010;0010001;1100010;1101010;1101000;0101000;1001100;0000100;0010100
results_a2_generality_nc3_20260627/checkpoints/nc_toff_3/arm-categorical_61/seed2025/checkpoint_target-nc_toff_3_seed2025_step1000.pkl,1000,2025,nc_toff_3,0,orbit,1,0,identity,True,4,14.0,True,14,-14.0,1.8345811367034912,46 86 27 85 68 38 67 34 42 10 9 24 15 19,46 86 27 85 68 38 67 34 42 10 9 24 15 19,1111010;1110101;0011100;0110101;1010001;1110010;0010001;1100010;1101010;1101000;0101000;1001100;0000100;0010100
