checkpoint,checkpoint_step,train_seed,target,target_index,control,k,attempt,basis_id,is_conjugate,eval_seed,cost,solved,num_moves,sum_rewards,seconds,action_sequence,canonical_action_sequence,canonical_factor_sequence
results_a2_generality_nc3_20260627/checkpoints/nc_toff_3/arm-scalar_mse/seed2026/checkpoint_target-nc_toff_3_seed2026_step1000.pkl,1000,2026,nc_toff_3,0,orbit,1,0,identity,True,0,17.0,True,17,-17.0,3.2350339889526367,30 80 66 39 65 43 8 25 21 35 4 79 17 0 7 31 3,30 80 66 39 65 43 8 25 21 35 4 79 17 0 7 31 3,1111100;1000101;1100001;0001010;0100001;0011010;1001000;0101100;0110100;0010010;1010000;0000101;0100100;1000000;0001000;0000010;0010000
results_a2_generality_nc3_20260627/checkpoints/nc_toff_3/arm-scalar_mse/seed2026/checkpoint_target-nc_toff_3_seed2026_step1000.pkl,1000,2026,nc_toff_3,0,orbit,1,0,identity,True,1,17.0,True,17,-17.0,0.5580236911773682,30 80 66 39 65 43 8 25 21 4 35 17 7 0 31 79 3,30 80 66 39 65 43 8 25 21 4 35 17 7 0 31 79 3,1111100;1000101;1100001;0001010;0100001;0011010;1001000;0101100;0110100;1010000;0010010;0100100;0001000;1000000;0000010;0000101;0010000
results_a2_generality_nc3_20260627/checkpoints/nc_toff_3/arm-scalar_mse/seed2026/checkpoint_target-nc_toff_3_seed2026_step1000.pkl,1000,2026,nc_toff_3,0,orbit,1,0,identity,True,2,17.0,True,17,-17.0,0.5508198738098145,30 80 66 39 65 43 8 25 21 35 4 79 17 7 0 3 31,30 80 66 39 65 43 8 25 21 35 4 79 17 7 0 3 31,1111100;1000101;1100001;0001010;0100001;0011010;1001000;0101100;0110100;0010010;1010000;0000101;0100100;0001000;1000000;0010000;0000010
results_a2_generality_nc3_20260627/checkpoints/nc_toff_3/arm-scalar_mse/seed2026/checkpoint_target-nc_toff_3_seed2026_step1000.pkl,1000,2026,nc_toff_3,0,orbit,1,0,identity,True,3,17.0,True,17,-17.0,0.5552418231964111,30 80 66 39 65 43 8 25 21 35 4 79 17 7 0 31 3,30 80 66 39 65 43 8 25 21 35 4 79 17 7 0 31 3,1111100;1000101;1100001;0001010;0100001;0011010;1001000;0101100;0110100;0010010;1010000;0000101;0100100;0001000;1000000;0000010;0010000
results_a2_generality_nc3_20260627/checkpoints/nc_toff_3/arm-scalar_mse/seed2026/checkpoint_target-nc_toff_3_seed2026_step1000.pkl,1000,2026,nc_toff_3,0,orbit,1,0,identity,True,4,17.0,True,17,-17.0,0.5537018775939941,30 80 66 39 65 43 8 25 21 35 4 79 17 7 0 3 31,30 80 66 39 65 43 8 25 21 35 4 79 17 7 0 3 31,1111100;1000101;1100001;0001010;0100001;0011010;1001000;0101100;0110100;0010010;1010000;0000101;0100100;0001000;1000000;0010000;0000010
