checkpoint,checkpoint_step,train_seed,target,target_index,control,k,attempt,basis_id,is_conjugate,eval_seed,cost,solved,num_moves,sum_rewards,seconds,action_sequence,canonical_action_sequence,canonical_factor_sequence
results_a2_generality_nc3_20260627/checkpoints/nc_toff_3/arm-quantile_risk_neutral/seed2025/checkpoint_target-nc_toff_3_seed2025_step1000.pkl,1000,2025,nc_toff_3,0,orbit,1,0,identity,True,0,14.0,True,14,-14.0,5.274208307266235,82 81 45 37 14 24 20 41 64 27 13 16 33 63,82 81 45 37 14 24 20 41 64 27 13 16 33 63,1100101;0100101;0111010;0110010;1111000;1001100;1010100;0101010;1000001;0011100;0111000;1000100;0100010;0000001
results_a2_generality_nc3_20260627/checkpoints/nc_toff_3/arm-quantile_risk_neutral/seed2025/checkpoint_target-nc_toff_3_seed2025_step1000.pkl,1000,2025,nc_toff_3,0,orbit,1,0,identity,True,1,14.0,True,14,-14.0,0.3286867141723633,82 81 45 37 14 24 20 41 64 13 27 16 33 63,82 81 45 37 14 24 20 41 64 13 27 16 33 63,1100101;0100101;0111010;0110010;1111000;1001100;1010100;0101010;1000001;0111000;0011100;1000100;0100010;0000001
results_a2_generality_nc3_20260627/checkpoints/nc_toff_3/arm-quantile_risk_neutral/seed2025/checkpoint_target-nc_toff_3_seed2025_step1000.pkl,1000,2025,nc_toff_3,0,orbit,1,0,identity,True,2,14.0,True,14,-14.0,0.32535839080810547,82 81 45 37 14 24 20 41 64 27 13 16 33 63,82 81 45 37 14 24 20 41 64 27 13 16 33 63,1100101;0100101;0111010;0110010;1111000;1001100;1010100;0101010;1000001;0011100;0111000;1000100;0100010;0000001
results_a2_generality_nc3_20260627/checkpoints/nc_toff_3/arm-quantile_risk_neutral/seed2025/checkpoint_target-nc_toff_3_seed2025_step1000.pkl,1000,2025,nc_toff_3,0,orbit,1,0,identity,True,3,14.0,True,14,-14.0,0.3259444236755371,82 81 45 37 14 24 20 41 64 27 13 16 33 63,82 81 45 37 14 24 20 41 64 27 13 16 33 63,1100101;0100101;0111010;0110010;1111000;1001100;1010100;0101010;1000001;0011100;0111000;1000100;0100010;0000001
results_a2_generality_nc3_20260627/checkpoints/nc_toff_3/arm-quantile_risk_neutral/seed2025/checkpoint_target-nc_toff_3_seed2025_step1000.pkl,1000,2025,nc_toff_3,0,orbit,1,0,identity,True,4,14.0,True,14,-14.0,0.32698988914489746,82 81 45 37 14 24 20 41 64 27 13 16 33 63,82 81 45 37 14 24 20 41 64 27 13 16 33 63,1100101;0100101;0111010;0110010;1111000;1001100;1010100;0101010;1000001;0011100;0111000;1000100;0100010;0000001
