checkpoint,checkpoint_step,train_seed,target,target_index,control,k,attempt,basis_id,is_conjugate,eval_seed,cost,solved,num_moves,sum_rewards,seconds,action_sequence,canonical_action_sequence,canonical_factor_sequence
results_a2_generality_nc3_20260627/checkpoints/nc_toff_3/arm-scalar_huber_d1/seed2026/checkpoint_target-nc_toff_3_seed2026_step1000.pkl,1000,2026,nc_toff_3,0,orbit,1,0,identity,True,0,17.0,True,17,-17.0,4.777417898178101,30 43 39 80 25 66 65 21 79 17 8 4 35 31 0 3 7,30 43 39 80 25 66 65 21 79 17 8 4 35 31 0 3 7,1111100;0011010;0001010;1000101;0101100;1100001;0100001;0110100;0000101;0100100;1001000;1010000;0010010;0000010;1000000;0010000;0001000
results_a2_generality_nc3_20260627/checkpoints/nc_toff_3/arm-scalar_huber_d1/seed2026/checkpoint_target-nc_toff_3_seed2026_step1000.pkl,1000,2026,nc_toff_3,0,orbit,1,0,identity,True,1,17.0,True,17,-17.0,2.0975096225738525,30 43 39 80 66 65 25 21 79 17 8 4 35 31 7 3 0,30 43 39 80 66 65 25 21 79 17 8 4 35 31 7 3 0,1111100;0011010;0001010;1000101;1100001;0100001;0101100;0110100;0000101;0100100;1001000;1010000;0010010;0000010;0001000;0010000;1000000
results_a2_generality_nc3_20260627/checkpoints/nc_toff_3/arm-scalar_huber_d1/seed2026/checkpoint_target-nc_toff_3_seed2026_step1000.pkl,1000,2026,nc_toff_3,0,orbit,1,0,identity,True,2,17.0,True,17,-17.0,2.1233198642730713,30 43 39 80 66 65 25 21 79 17 8 4 35 31 3 0 7,30 43 39 80 66 65 25 21 79 17 8 4 35 31 3 0 7,1111100;0011010;0001010;1000101;1100001;0100001;0101100;0110100;0000101;0100100;1001000;1010000;0010010;0000010;0010000;1000000;0001000
results_a2_generality_nc3_20260627/checkpoints/nc_toff_3/arm-scalar_huber_d1/seed2026/checkpoint_target-nc_toff_3_seed2026_step1000.pkl,1000,2026,nc_toff_3,0,orbit,1,0,identity,True,3,17.0,True,17,-17.0,2.0843594074249268,30 43 39 80 66 65 25 21 79 17 8 4 35 31 3 0 7,30 43 39 80 66 65 25 21 79 17 8 4 35 31 3 0 7,1111100;0011010;0001010;1000101;1100001;0100001;0101100;0110100;0000101;0100100;1001000;1010000;0010010;0000010;0010000;1000000;0001000
results_a2_generality_nc3_20260627/checkpoints/nc_toff_3/arm-scalar_huber_d1/seed2026/checkpoint_target-nc_toff_3_seed2026_step1000.pkl,1000,2026,nc_toff_3,0,orbit,1,0,identity,True,4,17.0,True,17,-17.0,2.1077001094818115,30 43 39 80 66 65 25 21 79 17 8 4 35 31 7 3 0,30 43 39 80 66 65 25 21 79 17 8 4 35 31 7 3 0,1111100;0011010;0001010;1000101;1100001;0100001;0101100;0110100;0000101;0100100;1001000;1010000;0010010;0000010;0001000;0010000;1000000
