checkpoint,checkpoint_step,train_seed,target,target_index,control,k,attempt,basis_id,is_conjugate,eval_seed,cost,solved,num_moves,sum_rewards,seconds,action_sequence,canonical_action_sequence,canonical_factor_sequence
results_robust_generality_gf_2pow2_mult_20260627/checkpoints/gf_2pow2_mult/arm-scalar_mse/seed2025/checkpoint_target-gf_2pow2_mult_seed2025_step1000.pkl,1000,2025,gf_2pow2_mult,0,orbit,1,0,identity,True,0,17.0,True,17,-17.0,3.2970452308654785,37 59 20 57 48 40 5 9 55 17 23 8 11 4 1 0 15,37 59 20 57 48 40 5 9 55 17 23 8 11 4 1 0 15,011001;001111;101010;010111;100011;100101;011000;010100;000111;010010;000110;100100;001100;101000;010000;100000;000010
results_robust_generality_gf_2pow2_mult_20260627/checkpoints/gf_2pow2_mult/arm-scalar_mse/seed2025/checkpoint_target-gf_2pow2_mult_seed2025_step1000.pkl,1000,2025,gf_2pow2_mult,0,orbit,1,0,identity,True,1,17.0,True,17,-17.0,0.629819393157959,37 59 20 57 48 40 5 9 55 17 23 8 11 4 1 0 15,37 59 20 57 48 40 5 9 55 17 23 8 11 4 1 0 15,011001;001111;101010;010111;100011;100101;011000;010100;000111;010010;000110;100100;001100;101000;010000;100000;000010
results_robust_generality_gf_2pow2_mult_20260627/checkpoints/gf_2pow2_mult/arm-scalar_mse/seed2025/checkpoint_target-gf_2pow2_mult_seed2025_step1000.pkl,1000,2025,gf_2pow2_mult,0,orbit,1,0,identity,True,2,17.0,True,17,-17.0,0.6210939884185791,37 59 20 57 48 40 5 9 55 17 23 8 11 4 1 15 0,37 59 20 57 48 40 5 9 55 17 23 8 11 4 1 15 0,011001;001111;101010;010111;100011;100101;011000;010100;000111;010010;000110;100100;001100;101000;010000;000010;100000
results_robust_generality_gf_2pow2_mult_20260627/checkpoints/gf_2pow2_mult/arm-scalar_mse/seed2025/checkpoint_target-gf_2pow2_mult_seed2025_step1000.pkl,1000,2025,gf_2pow2_mult,0,orbit,1,0,identity,True,3,17.0,True,17,-17.0,0.6466636657714844,37 59 20 57 48 40 5 9 55 17 23 8 11 4 1 0 15,37 59 20 57 48 40 5 9 55 17 23 8 11 4 1 0 15,011001;001111;101010;010111;100011;100101;011000;010100;000111;010010;000110;100100;001100;101000;010000;100000;000010
results_robust_generality_gf_2pow2_mult_20260627/checkpoints/gf_2pow2_mult/arm-scalar_mse/seed2025/checkpoint_target-gf_2pow2_mult_seed2025_step1000.pkl,1000,2025,gf_2pow2_mult,0,orbit,1,0,identity,True,4,17.0,True,17,-17.0,0.6449840068817139,37 59 20 57 48 40 5 9 55 17 23 8 11 4 1 15 0,37 59 20 57 48 40 5 9 55 17 23 8 11 4 1 15 0,011001;001111;101010;010111;100011;100101;011000;010100;000111;010010;000110;100100;001100;101000;010000;000010;100000
