checkpoint,checkpoint_step,train_seed,target,target_index,control,k,attempt,basis_id,is_conjugate,eval_seed,cost,solved,num_moves,sum_rewards,seconds,action_sequence,canonical_action_sequence,canonical_factor_sequence
results_robust_generality_gf_2pow2_mult_20260627/checkpoints/gf_2pow2_mult/arm-scalar_mse/seed2024/checkpoint_target-gf_2pow2_mult_seed2024_step1000.pkl,1000,2024,gf_2pow2_mult,0,orbit,1,0,identity,True,0,17.0,True,17,-17.0,6.427558422088623,61 40 13 48 20 21 33 5 8 35 23 4 19 31 1 7 0,61 40 13 48 20 21 33 5 8 35 23 4 19 31 1 7 0,011111;100101;011100;100011;101010;011010;010001;011000;100100;001001;000110;101000;001010;000001;010000;000100;100000
results_robust_generality_gf_2pow2_mult_20260627/checkpoints/gf_2pow2_mult/arm-scalar_mse/seed2024/checkpoint_target-gf_2pow2_mult_seed2024_step1000.pkl,1000,2024,gf_2pow2_mult,0,orbit,1,0,identity,True,1,17.0,True,17,-17.0,1.903275966644287,61 40 13 48 20 21 33 5 8 35 23 4 19 31 0 7 1,61 40 13 48 20 21 33 5 8 35 23 4 19 31 0 7 1,011111;100101;011100;100011;101010;011010;010001;011000;100100;001001;000110;101000;001010;000001;100000;000100;010000
results_robust_generality_gf_2pow2_mult_20260627/checkpoints/gf_2pow2_mult/arm-scalar_mse/seed2024/checkpoint_target-gf_2pow2_mult_seed2024_step1000.pkl,1000,2024,gf_2pow2_mult,0,orbit,1,0,identity,True,2,17.0,True,17,-17.0,1.8160054683685303,61 40 13 48 20 21 33 5 8 35 23 4 19 31 1 7 0,61 40 13 48 20 21 33 5 8 35 23 4 19 31 1 7 0,011111;100101;011100;100011;101010;011010;010001;011000;100100;001001;000110;101000;001010;000001;010000;000100;100000
results_robust_generality_gf_2pow2_mult_20260627/checkpoints/gf_2pow2_mult/arm-scalar_mse/seed2024/checkpoint_target-gf_2pow2_mult_seed2024_step1000.pkl,1000,2024,gf_2pow2_mult,0,orbit,1,0,identity,True,3,17.0,True,17,-17.0,1.9363317489624023,61 40 13 48 20 21 33 5 8 35 23 4 19 31 0 7 1,61 40 13 48 20 21 33 5 8 35 23 4 19 31 0 7 1,011111;100101;011100;100011;101010;011010;010001;011000;100100;001001;000110;101000;001010;000001;100000;000100;010000
results_robust_generality_gf_2pow2_mult_20260627/checkpoints/gf_2pow2_mult/arm-scalar_mse/seed2024/checkpoint_target-gf_2pow2_mult_seed2024_step1000.pkl,1000,2024,gf_2pow2_mult,0,orbit,1,0,identity,True,4,17.0,True,17,-17.0,1.865699291229248,61 40 13 48 20 21 33 5 8 35 23 4 19 31 0 7 1,61 40 13 48 20 21 33 5 8 35 23 4 19 31 0 7 1,011111;100101;011100;100011;101010;011010;010001;011000;100100;001001;000110;101000;001010;000001;100000;000100;010000
