checkpoint,checkpoint_step,train_seed,target,target_index,control,k,attempt,basis_id,is_conjugate,eval_seed,cost,solved,num_moves,sum_rewards,seconds,action_sequence,canonical_action_sequence,canonical_factor_sequence
results_robust_generality_gf_2pow2_mult_20260627/checkpoints/gf_2pow2_mult/arm-scalar_mse/seed2026/checkpoint_target-gf_2pow2_mult_seed2026_step1000.pkl,1000,2026,gf_2pow2_mult,0,orbit,1,0,identity,True,0,17.0,True,17,-17.0,2.0698368549346924,61 40 13 33 48 23 8 21 35 20 5 7 4 19 1 0 31,61 40 13 33 48 23 8 21 35 20 5 7 4 19 1 0 31,011111;100101;011100;010001;100011;000110;100100;011010;001001;101010;011000;000100;101000;001010;010000;100000;000001
results_robust_generality_gf_2pow2_mult_20260627/checkpoints/gf_2pow2_mult/arm-scalar_mse/seed2026/checkpoint_target-gf_2pow2_mult_seed2026_step1000.pkl,1000,2026,gf_2pow2_mult,0,orbit,1,0,identity,True,1,17.0,True,17,-17.0,0.35016584396362305,61 40 13 33 48 23 8 35 21 20 5 4 7 19 1 0 31,61 40 13 33 48 23 8 35 21 20 5 4 7 19 1 0 31,011111;100101;011100;010001;100011;000110;100100;001001;011010;101010;011000;101000;000100;001010;010000;100000;000001
results_robust_generality_gf_2pow2_mult_20260627/checkpoints/gf_2pow2_mult/arm-scalar_mse/seed2026/checkpoint_target-gf_2pow2_mult_seed2026_step1000.pkl,1000,2026,gf_2pow2_mult,0,orbit,1,0,identity,True,2,17.0,True,17,-17.0,0.3533918857574463,61 40 13 33 48 23 8 35 21 20 5 4 7 19 1 0 31,61 40 13 33 48 23 8 35 21 20 5 4 7 19 1 0 31,011111;100101;011100;010001;100011;000110;100100;001001;011010;101010;011000;101000;000100;001010;010000;100000;000001
results_robust_generality_gf_2pow2_mult_20260627/checkpoints/gf_2pow2_mult/arm-scalar_mse/seed2026/checkpoint_target-gf_2pow2_mult_seed2026_step1000.pkl,1000,2026,gf_2pow2_mult,0,orbit,1,0,identity,True,3,17.0,True,17,-17.0,0.35428476333618164,61 40 13 33 48 23 8 35 21 20 4 5 7 19 1 0 31,61 40 13 33 48 23 8 35 21 20 4 5 7 19 1 0 31,011111;100101;011100;010001;100011;000110;100100;001001;011010;101010;101000;011000;000100;001010;010000;100000;000001
results_robust_generality_gf_2pow2_mult_20260627/checkpoints/gf_2pow2_mult/arm-scalar_mse/seed2026/checkpoint_target-gf_2pow2_mult_seed2026_step1000.pkl,1000,2026,gf_2pow2_mult,0,orbit,1,0,identity,True,4,17.0,True,17,-17.0,0.35657644271850586,61 40 13 33 48 23 8 21 35 20 5 7 4 19 1 0 31,61 40 13 33 48 23 8 21 35 20 5 7 4 19 1 0 31,011111;100101;011100;010001;100011;000110;100100;011010;001001;101010;011000;000100;101000;001010;010000;100000;000001
