checkpoint,checkpoint_step,train_seed,target,target_index,control,k,attempt,basis_id,is_conjugate,eval_seed,cost,solved,num_moves,sum_rewards,seconds,action_sequence,canonical_action_sequence,canonical_factor_sequence
results_support_categorical_81_2026/checkpoints/barenco_tof_3/arm-categorical_81/seed2026/checkpoint_target-barenco_tof_3_seed2026_step1000.pkl,1000,2026,barenco_tof_3,0,orbit,1,0,identity,True,0,14.0,True,14,-14.0,2.07397198677063,22 91 16 75 87 21 19 4 162 160 161 159 71 0,22 91 16 75 87 21 19 4 162 160 161 159 71 0,11101000;00111010;10001000;00110010;00011010;01101000;00101000;10100000;11000101;10000101;01000101;00000101;00010010;10000000
results_support_categorical_81_2026/checkpoints/barenco_tof_3/arm-categorical_81/seed2026/checkpoint_target-barenco_tof_3_seed2026_step1000.pkl,1000,2026,barenco_tof_3,0,orbit,1,0,identity,True,1,14.0,True,14,-14.0,0.32724475860595703,22 91 16 75 87 21 19 4 162 160 161 159 71 0,22 91 16 75 87 21 19 4 162 160 161 159 71 0,11101000;00111010;10001000;00110010;00011010;01101000;00101000;10100000;11000101;10000101;01000101;00000101;00010010;10000000
results_support_categorical_81_2026/checkpoints/barenco_tof_3/arm-categorical_81/seed2026/checkpoint_target-barenco_tof_3_seed2026_step1000.pkl,1000,2026,barenco_tof_3,0,orbit,1,0,identity,True,2,14.0,True,14,-14.0,0.3277924060821533,22 91 16 75 87 21 19 4 162 160 161 159 71 0,22 91 16 75 87 21 19 4 162 160 161 159 71 0,11101000;00111010;10001000;00110010;00011010;01101000;00101000;10100000;11000101;10000101;01000101;00000101;00010010;10000000
results_support_categorical_81_2026/checkpoints/barenco_tof_3/arm-categorical_81/seed2026/checkpoint_target-barenco_tof_3_seed2026_step1000.pkl,1000,2026,barenco_tof_3,0,orbit,1,0,identity,True,3,14.0,True,14,-14.0,0.3276863098144531,22 91 16 75 87 21 19 4 162 160 161 159 71 0,22 91 16 75 87 21 19 4 162 160 161 159 71 0,11101000;00111010;10001000;00110010;00011010;01101000;00101000;10100000;11000101;10000101;01000101;00000101;00010010;10000000
results_support_categorical_81_2026/checkpoints/barenco_tof_3/arm-categorical_81/seed2026/checkpoint_target-barenco_tof_3_seed2026_step1000.pkl,1000,2026,barenco_tof_3,0,orbit,1,0,identity,True,4,14.0,True,14,-14.0,0.326951265335083,22 91 16 75 87 21 19 4 162 160 161 159 71 0,22 91 16 75 87 21 19 4 162 160 161 159 71 0,11101000;00111010;10001000;00110010;00011010;01101000;00101000;10100000;11000101;10000101;01000101;00000101;00010010;10000000
