checkpoint,checkpoint_step,train_seed,target,target_index,control,k,attempt,basis_id,is_conjugate,eval_seed,cost,solved,num_moves,sum_rewards,seconds,action_sequence,canonical_action_sequence,canonical_factor_sequence
results_robust_quantile_20260626/checkpoints/barenco_tof_3/arm-quantile_risk_neutral/seed2024/checkpoint_target-barenco_tof_3_seed2024_step1000.pkl,1000,2024,barenco_tof_3,0,orbit,1,0,identity,True,0,14.0,True,14,-14.0,5.427528381347656,22 162 21 91 87 75 71 4 19 16 160 161 159 0,22 162 21 91 87 75 71 4 19 16 160 161 159 0,11101000;11000101;01101000;00111010;00011010;00110010;00010010;10100000;00101000;10001000;10000101;01000101;00000101;10000000
results_robust_quantile_20260626/checkpoints/barenco_tof_3/arm-quantile_risk_neutral/seed2024/checkpoint_target-barenco_tof_3_seed2024_step1000.pkl,1000,2024,barenco_tof_3,0,orbit,1,0,identity,True,1,14.0,True,14,-14.0,0.3374490737915039,22 162 21 91 87 75 71 4 19 16 160 161 159 0,22 162 21 91 87 75 71 4 19 16 160 161 159 0,11101000;11000101;01101000;00111010;00011010;00110010;00010010;10100000;00101000;10001000;10000101;01000101;00000101;10000000
results_robust_quantile_20260626/checkpoints/barenco_tof_3/arm-quantile_risk_neutral/seed2024/checkpoint_target-barenco_tof_3_seed2024_step1000.pkl,1000,2024,barenco_tof_3,0,orbit,1,0,identity,True,2,14.0,True,14,-14.0,0.3360157012939453,22 162 21 91 87 75 71 4 19 16 160 161 159 0,22 162 21 91 87 75 71 4 19 16 160 161 159 0,11101000;11000101;01101000;00111010;00011010;00110010;00010010;10100000;00101000;10001000;10000101;01000101;00000101;10000000
results_robust_quantile_20260626/checkpoints/barenco_tof_3/arm-quantile_risk_neutral/seed2024/checkpoint_target-barenco_tof_3_seed2024_step1000.pkl,1000,2024,barenco_tof_3,0,orbit,1,0,identity,True,3,14.0,True,14,-14.0,0.3322165012359619,22 162 21 91 87 75 71 4 19 16 160 161 159 0,22 162 21 91 87 75 71 4 19 16 160 161 159 0,11101000;11000101;01101000;00111010;00011010;00110010;00010010;10100000;00101000;10001000;10000101;01000101;00000101;10000000
results_robust_quantile_20260626/checkpoints/barenco_tof_3/arm-quantile_risk_neutral/seed2024/checkpoint_target-barenco_tof_3_seed2024_step1000.pkl,1000,2024,barenco_tof_3,0,orbit,1,0,identity,True,4,14.0,True,14,-14.0,0.3332078456878662,22 162 91 21 87 75 71 4 19 16 160 161 159 0,22 162 91 21 87 75 71 4 19 16 160 161 159 0,11101000;11000101;00111010;01101000;00011010;00110010;00010010;10100000;00101000;10001000;10000101;01000101;00000101;10000000
