checkpoint,checkpoint_step,train_seed,target,target_index,control,k,attempt,basis_id,is_conjugate,eval_seed,cost,solved,num_moves,sum_rewards,seconds,action_sequence,canonical_action_sequence,canonical_factor_sequence
results_support_categorical_81_2024/checkpoints/barenco_tof_3/arm-categorical_81/seed2024/checkpoint_target-barenco_tof_3_seed2024_step1000.pkl,1000,2024,barenco_tof_3,0,orbit,1,0,identity,True,0,14.0,True,14,-14.0,5.442989826202393,166 91 75 165 18 87 163 164 20 4 71 17 15 0,166 91 75 165 18 87 163 164 20 4 71 17 15 0,11100101;00111010;00110010;01100101;11001000;00011010;00100101;10100101;10101000;10100000;00010010;01001000;00001000;10000000
results_support_categorical_81_2024/checkpoints/barenco_tof_3/arm-categorical_81/seed2024/checkpoint_target-barenco_tof_3_seed2024_step1000.pkl,1000,2024,barenco_tof_3,0,orbit,1,0,identity,True,1,14.0,True,14,-14.0,1.2004878520965576,166 91 75 165 18 87 163 164 20 4 71 17 15 0,166 91 75 165 18 87 163 164 20 4 71 17 15 0,11100101;00111010;00110010;01100101;11001000;00011010;00100101;10100101;10101000;10100000;00010010;01001000;00001000;10000000
results_support_categorical_81_2024/checkpoints/barenco_tof_3/arm-categorical_81/seed2024/checkpoint_target-barenco_tof_3_seed2024_step1000.pkl,1000,2024,barenco_tof_3,0,orbit,1,0,identity,True,2,14.0,True,14,-14.0,1.2831058502197266,166 91 75 165 18 87 163 164 20 4 17 71 15 0,166 91 75 165 18 87 163 164 20 4 17 71 15 0,11100101;00111010;00110010;01100101;11001000;00011010;00100101;10100101;10101000;10100000;01001000;00010010;00001000;10000000
results_support_categorical_81_2024/checkpoints/barenco_tof_3/arm-categorical_81/seed2024/checkpoint_target-barenco_tof_3_seed2024_step1000.pkl,1000,2024,barenco_tof_3,0,orbit,1,0,identity,True,3,14.0,True,14,-14.0,1.186478614807129,166 91 75 165 18 87 163 164 20 4 71 17 15 0,166 91 75 165 18 87 163 164 20 4 71 17 15 0,11100101;00111010;00110010;01100101;11001000;00011010;00100101;10100101;10101000;10100000;00010010;01001000;00001000;10000000
results_support_categorical_81_2024/checkpoints/barenco_tof_3/arm-categorical_81/seed2024/checkpoint_target-barenco_tof_3_seed2024_step1000.pkl,1000,2024,barenco_tof_3,0,orbit,1,0,identity,True,4,14.0,True,14,-14.0,1.2065911293029785,166 91 75 165 18 87 163 164 20 4 71 17 15 0,166 91 75 165 18 87 163 164 20 4 71 17 15 0,11100101;00111010;00110010;01100101;11001000;00011010;00100101;10100101;10101000;10100000;00010010;01001000;00001000;10000000
