checkpoint,checkpoint_step,train_seed,target,target_index,control,k,attempt,basis_id,is_conjugate,eval_seed,cost,solved,num_moves,sum_rewards,seconds,action_sequence,canonical_action_sequence,canonical_factor_sequence
results_support_categorical_121_2026/checkpoints/barenco_tof_3/arm-categorical_121/seed2026/checkpoint_target-barenco_tof_3_seed2026_step1000.pkl,1000,2026,barenco_tof_3,0,orbit,1,0,identity,True,0,13.0,True,13,-13.0,6.689752578735352,182 91 2 75 87 71 180 181 179 20 4 16 1,182 91 2 75 87 71 180 181 179 20 4 16 1,11101101;00111010;11000000;00110010;00011010;00010010;10101101;01101101;00101101;10101000;10100000;10001000;01000000
results_support_categorical_121_2026/checkpoints/barenco_tof_3/arm-categorical_121/seed2026/checkpoint_target-barenco_tof_3_seed2026_step1000.pkl,1000,2026,barenco_tof_3,0,orbit,1,0,identity,True,1,13.0,True,13,-13.0,0.42632150650024414,182 91 75 87 2 71 180 181 179 20 4 16 1,182 91 75 87 2 71 180 181 179 20 4 16 1,11101101;00111010;00110010;00011010;11000000;00010010;10101101;01101101;00101101;10101000;10100000;10001000;01000000
results_support_categorical_121_2026/checkpoints/barenco_tof_3/arm-categorical_121/seed2026/checkpoint_target-barenco_tof_3_seed2026_step1000.pkl,1000,2026,barenco_tof_3,0,orbit,1,0,identity,True,2,13.0,True,13,-13.0,0.4212982654571533,182 91 75 87 2 180 181 179 20 4 71 16 1,182 91 75 87 2 180 181 179 20 4 71 16 1,11101101;00111010;00110010;00011010;11000000;10101101;01101101;00101101;10101000;10100000;00010010;10001000;01000000
results_support_categorical_121_2026/checkpoints/barenco_tof_3/arm-categorical_121/seed2026/checkpoint_target-barenco_tof_3_seed2026_step1000.pkl,1000,2026,barenco_tof_3,0,orbit,1,0,identity,True,3,13.0,True,13,-13.0,0.42768335342407227,182 91 2 75 87 71 180 181 179 20 4 16 1,182 91 2 75 87 71 180 181 179 20 4 16 1,11101101;00111010;11000000;00110010;00011010;00010010;10101101;01101101;00101101;10101000;10100000;10001000;01000000
results_support_categorical_121_2026/checkpoints/barenco_tof_3/arm-categorical_121/seed2026/checkpoint_target-barenco_tof_3_seed2026_step1000.pkl,1000,2026,barenco_tof_3,0,orbit,1,0,identity,True,4,13.0,True,13,-13.0,0.42425990104675293,182 91 75 87 2 180 181 179 20 4 71 16 1,182 91 75 87 2 180 181 179 20 4 71 16 1,11101101;00111010;00110010;00011010;11000000;10101101;01101101;00101101;10101000;10100000;00010010;10001000;01000000
